station.code,station.fr_code,line.num,line.name,line.name_sub,line.station_seq,station.name_full,station.name,station.name_chc,station.name_chn,station.name_en,station.name_jp,geo.latitude,geo.longitude,geo.sigungu_code,geo.sigungu_name,geo.addres_road,geo.address_land,geo.phone
158,124,1,1호선,지하철1호선,1,청량리(서울시립대입구),청량리|서울시립대입구,祭基洞,祭基洞,Jegidong,チェギドン,37.580178,127.046835,11060,동대문구,서울특별시 동대문구 왕산로 지하205(전농동),서울특별시 동대문구 전농동 620-69 청량리역(1호선),02-6110-1241
157,125,1,1호선,지하철1호선,2,제기동,제기동,新設洞,新设洞,Sinseoldong,シンソルトン,37.578103,127.034893,11060,동대문구,서울특별시 동대문구 왕산로 지하93(제기동),서울특별시 동대문구 제기동 65 제기동역(1호선),02-6110-1251
156,126,1,1호선,지하철1호선,3,신설동,신설동,東廟앞,东庙,Dongmyo,トンミョアプ,37.575297,127.025087,11060,동대문구,서울특별시 동대문구 왕산로 지하1(신설동),서울특별시 동대문구 신설동 76-5 신설동역(1호선),02-6110-1261
159,127,1,1호선,지하철1호선,4,동묘앞,동묘앞,淸凉里(서울市立大入口),清凉里(首尔市立大学),Cheongnyangni(University of Seoul),チョンニャンニ,37.572627,127.016429,11010,종로구,서울특별시 종로구 종로 359(숭인동),서울특별시 종로구 숭인동 117 동묘앞역(1호선),02-6110-1271
155,128,1,1호선,지하철1호선,5,동대문,동대문,東大門,东大门,Dongdaemun,トンデムン,37.57142,127.009745,11010,종로구,서울특별시 종로구 종로 지하302(창신동),서울특별시 종로구 창신동 492-1 동대문역(1호선),02-6110-1281
154,129,1,1호선,지하철1호선,6,종로5가,종로5가,鍾路5街,钟路五街,Jongno 5(o)ga,チョンノオガ,37.570926,127.001849,11010,종로구,서울특별시 종로구 종로 지하216(종로5가),서울특별시 종로구 종로5가 82-1 종로5가역(1호선),02-6110-1291
153,130,1,1호선,지하철1호선,7,종로3가(탑골공원),종로3가|탑골공원,鍾路3街(탑골공원),钟路三街(塔谷公园),Jongno 3(sam)ga,チョンノサムガ,37.571607,126.991806,11010,종로구,서울특별시 종로구 종로 지하129(종로3가),서울특별시 종로구 종로3가 10-5 종로3가역(1호선),02-6110-1301
152,131,1,1호선,지하철1호선,8,종각,종각,鐘閣,钟阁,Jonggak,チョンガク,37.570161,126.982923,11010,종로구,서울특별시 종로구 종로 지하55(종로1가),서울특별시 종로구 종로1가 54 종각역(1호선),02-6110-1311
151,132,1,1호선,지하철1호선,9,시청,시청,市廳,市厅,City Hall,シチョン,37.564718,126.977108,11020,중구,서울특별시 중구 세종대로 지하101(정동),서울특별시 중구 정동 5-5 시청역(1호선),02-6110-1321
150,133,1,1호선,지하철1호선,10,서울역,서울역,서울역,首尔站,Seoul Station,ソウルヨク,37.554648,126.972559,11020,중구,서울특별시 중구 세종대로 지하2(남대문로 5가),서울특별시 중구 남대문로5가 73-6 서울역(1호선),02-6110-1331
201,201,2,2호선,을지로순환선,1,시청,시청,市廳,市厅,City Hall,シチョン,37.564718,126.977108,11020,중구,서울특별시 중구 서소문로 지하127(서소문동),서울특별시 중구 서소문동 90-1 시청역(2호선),02-6110-2011
202,202,2,2호선,을지로순환선,2,을지로입구,을지로입구,乙支路入口,乙支路入口,Euljiro 1(il)ga,ウルチロイック,37.566014,126.982618,11020,중구,서울특별시 중구 을지로 지하42(을지로1가),서울특별시 중구 을지로1가 100-1 을지로입구역(2호선),02-6110-2021
203,203,2,2호선,을지로순환선,3,을지로3가,을지로3가,乙支路3街,乙支路三街,Euljiro 3(sam)ga,ウルチロサムガ,37.566295,126.99191,11020,중구,서울특별시 중구 을지로 지하106(을지로3가),서울특별시 중구 을지로3가 347-3 을지로3가역(2호선),02-6110-2031
204,204,2,2호선,을지로순환선,4,을지로4가,을지로4가,乙支路4街,乙支路四街,Euljiro 4(sa)ga,ウルチロサガ,37.566941,126.998079,11020,중구,서울특별시 중구 을지로 지하178(을지로4가),서울특별시 중구 을지로4가 267-1 을지로4가역(2호선),02-6110-2041
205,205,2,2호선,을지로순환선,5,동대문역사문화공원(DDP),동대문역사문화공원|DDP,東大門歷史文化公園(DDP),东大门历史文化公园(DDP),Dongdaemun History & Culture Park(DDP),トンデムンヨクサムンファゴンウォン(DDP),37.565138,127.007896,11020,중구,서울특별시 중구 을지로 지하279(을지로7가),서울특별시 중구 을지로 7가 112-3 동대문역사문화공원역(2호선),02-6110-2051
206,206,2,2호선,을지로순환선,6,신당,신당,新堂,新堂,Sindang,シンダン,37.565972,127.01782,11020,중구,서울특별시 중구 퇴계로 지하431-1(신당동),서울특별시 중구 신당동 99 신당역(2호선),02-6110-2061
207,207,2,2호선,을지로순환선,7,상왕십리,상왕십리,上往十里,上往十里,Sangwangsimni,サンワンシムニ,37.564354,127.029354,11040,성동구,서울특별시 성동구 왕십리로 지하374(하왕십리동),서울특별시 성동구 하왕십리동 946-14 상왕십리역(2호선),02-6110-2071
208,208,2,2호선,을지로순환선,8,왕십리(성동구청),왕십리|성동구청,往十里(城東區廳),往十里(城东区厅),Wangsimni(Seongdong-gu Office),ワンシムニ(ソンドン区庁),37.561533,127.037732,11040,성동구,서울특별시 성동구 왕십리로 지하300(행당동),서울특별시 성동구 행당동 192 왕십리역(2호선),02-6110-2081
209,209,2,2호선,을지로순환선,9,한양대,한양대,漢陽大,汉阳大学,Hanyang Univ.,ハニャンデ,37.555273,127.043655,11040,성동구,서울특별시 성동구 왕십리로 206(행당동),서울특별시 성동구 행당동 산17 한양대역(2호선),02-6110-2091
210,210,2,2호선,을지로순환선,10,뚝섬,뚝섬,뚝섬,纛岛,Ttukseom,トゥッソム,37.547184,127.047367,11040,성동구,서울특별시 성동구 아차산로 18(성수동1가),서울특별시 성동구 성수동1가 656-745 뚝섬역(2호선),02-6110-2101
211,211,2,2호선,을지로순환선|성수지선,11,성수,성수,聖水,圣水,Seongsu,ソンス,37.544581,127.055961,11040,성동구,서울특별시 성동구 아차산로 100(성수동2가),서울특별시 성동구 성수동2가 300-1 성수역(2호선),02-6110-2111
212,212,2,2호선,을지로순환선,12,건대입구,건대입구,建大入口,建国大学,Konkuk Univ.,コンデイック,37.540693,127.07023,11050,광진구,서울특별시 광진구 아차산로 243(화양동),서울특별시 광진구 화양동 7-3 2호선 건대입구역(2호선),02-6110-2121
213,213,2,2호선,을지로순환선,13,구의(광진구청),구의|광진구청,九宜(廣津區廳),九宜(广津区厅),Guui (Gwangjin-gu Office),クイ,37.537077,127.085916,11050,광진구,서울특별시 광진구 아차산로 384-1(구의동),서울특별시 광진구 구의동 245-24 구의역(2호선),02-6110-2131
214,214,2,2호선,을지로순환선,14,강변(동서울터미널),강변|동서울터미널,江邊(東서울터미널),江边(东首尔客运站),Gangbyeon (Dongseoul Bus Terminal),カンビョン,37.535095,127.094681,11050,광진구,서울특별시 광진구 강변역로 53(구의동),서울특별시 광진구 구의동 546-6 강변역(2호선),02-6110-2141
215,215,2,2호선,을지로순환선,15,잠실나루,잠실나루,蠶室나루,蚕室渡口,Jamsillaru,チャムシルナル,37.520733,127.10379,11240,송파구,서울특별시 송파구 오금로 20(신천동),서울특별시 송파구 신천동 15 잠실나루역(2호선),02-6110-2151
216,216,2,2호선,을지로순환선,16,잠실(송파구청),잠실|송파구청,蠶室(松坡區廳),蚕室(松坡区厅),Jamsil (Songpa-gu Office),チャムシル,37.51395,127.102234,11240,송파구,서울특별시 송파구 올림픽로 지하265(신천동),서울특별시 송파구 신천동 8 잠실역(2호선),02-6110-2161
217,217,2,2호선,을지로순환선,17,잠실새내,잠실새내,잠실새내,蚕室新川,Jamsilsaenae,チャムシルセネ,37.511687,127.086162,11240,송파구,서울특별시 송파구 올림픽로 지하140(잠실동),서울특별시 송파구 잠실동 33 잠실새내역(2호선),02-6110-2171
218,218,2,2호선,을지로순환선,18,종합운동장,종합운동장,綜合運動場,综合运动场,Sports Complex,チョンハブンドンジャン,37.510997,127.073642,11240,송파구,서울특별시 송파구 올림픽로 지하23(잠실동),서울특별시 송파구 잠실동 122 종합운동장역(2호선),02-6110-2181
219,219,2,2호선,을지로순환선,19,삼성(무역센터),삼성|무역센터,三成(貿易센터),三成(会展中心),Samseong (World Trade Center Seoul),サムソン(三成),37.508844,127.06316,11230,강남구,서울특별시 강남구 테헤란로 지하538(삼성동),서울특별시 강남구 삼성동 172-66 삼성역(2호선),02-6110-2191
220,220,2,2호선,을지로순환선,20,선릉,선릉,宣陵,宣陵,Seolleung,ソンルン,37.504503,127.049008,11230,강남구,서울특별시 강남구 테헤란로 지하340(삼성동),서울특별시 강남구 삼성동 172-66 선릉역(2호선),02-6110-2201
221,221,2,2호선,을지로순환선,21,역삼,역삼,驛三,驿三,Yeoksam,ヨッサム,37.500622,127.036456,11230,강남구,서울특별시 강남구 테헤란로 지하156(역삼동),서울특별시 강남구 역삼동 804 역삼역(2호선),02-6110-2211
222,222,2,2호선,을지로순환선,22,강남,강남,江南,江南,Gangnam,カンナム,37.497175,127.027926,11230,강남구,서울특별시 강남구 강남대로 지하396(역삼동),서울특별시 강남구 역삼동 858 강남역(2호선),02-6110-2221
223,223,2,2호선,을지로순환선,23,교대(법원.검찰청),교대|법원|검찰청,敎大(法院.檢察廳),首尔教育大学(法院·检察厅),Seoul Nat'l Univ. of Education(Court & Prosecutors’ Office),キョデ,37.493415,127.01408,11220,서초구,서울특별시 서초구 서초대로 지하294(서초동),서울특별시 서초구 서초동 1748-4 교대역(2호선),02-6110-2231
224,224,2,2호선,을지로순환선,24,서초,서초,瑞草,瑞草,Seocho,ソチョ,37.491897,127.007917,11220,서초구,서울특별시 서초구 서초대로 지하233(서초동),서울특별시 서초구 서초동 1748-5 서초역(2호선),02-6110-2241
225,225,2,2호선,을지로순환선,25,방배,방배,方背,方背,Bangbae,パンベ,37.481426,126.997596,11220,서초구,서울특별시 서초구 방배로 지하80(방배동),서울특별시 서초구 방배동 912-14 방배역(2호선),02-6110-2251
226,226,2,2호선,을지로순환선,26,사당,사당,舍堂,舍堂,Sadang,サダン,37.47653,126.981685,11200,동작구,서울특별시 동작구 남부순환로 지하2089(사당동),서울특별시 동작구 사당동 1129 사당역(2호선),02-6110-2261
227,227,2,2호선,을지로순환선,27,낙성대(강감찬),낙성대|강감찬,落星垈(姜邯贊),落星垈(姜邯赞),Nakseongdae(Ganggamchan),ナクソンデ(カン・ガムチャン),37.47693,126.963693,11210,관악구,서울특별시 관악구 남부순환로 지하1928(봉천동),서울특별시 관악구 봉천동 1693-39 낙성대역(2호선),02-6110-2271
228,228,2,2호선,을지로순환선,28,서울대입구(관악구청),서울대입구|관악구청,서울大入口(冠岳區廳),首尔大学(冠岳区厅),Seoul Nat‘l Univ. (Gwanak-gu Office),ソウルデイック,37.481247,126.952739,11210,관악구,서울특별시 관악구 남부순환로 지하1822(봉천동),서울특별시 관악구 봉천동 979-2 서울대입구역(2호선),02-6110-2281
229,229,2,2호선,을지로순환선,29,봉천,봉천,奉天,奉天,Bongcheon,ポンチョン,37.482362,126.941892,11210,관악구,서울특별시 관악구 남부순환로 지하1721(봉천동),서울툭별시 관악구 봉천동 979-7 봉천역(2호선),02-6110-2291
230,230,2,2호선,을지로순환선,30,신림,신림,新林,新林,Sillim,シンリム,37.484201,126.929715,11210,관악구,서울특별시 관악구 남부순환로 지하1614(신림동),서울특별시 관악구 신림동 1467-10 신림역(2호선),02-6110-2301
231,231,2,2호선,을지로순환선,31,신대방,신대방,新大方,新大方,Sindaebang,シンデバン,37.487462,126.913149,11200,동작구,서울특별시 동작구 대림로 2(신대방동),서울특별시 동작구 신대방동 643-1 신대방역(2호선),02-6110-2311
232,232,2,2호선,을지로순환선,32,구로디지털단지,구로디지털단지,九老디지털團地,九老数码园区,Guro Digital Complex,クロ・デジタルダンジ,37.485266,126.901401,11170,구로구,서울특별시 구로구 도림천로 477(구로동),서울특별시 구로구 구로동 810-3 구로디지털단지역(2호선),02-6110-2321
233,233,2,2호선,을지로순환선,33,대림(구로구청),대림|구로구청,大林(九老區廳),大林(九老区厅),Daerim (Guro-gu Office),テリム,37.49297,126.895801,11170,구로구,서울특별시 구로구 도림천로 351(구로동),서울특별시 구로구 구로동 1204 대림역(2호선),02-6110-2331
234,234,2,2호선,을지로순환선|신정지선,34,신도림,신도림,新道林,新道林,Sindorim,シンドリム,37.508725,126.891295,11170,구로구,서울특별시 구로구 새말로 지하 117-21(신도림동),서울특별시 구로구 신도림동 460-26 신도림역(2호선),02-6110-2341
235,235,2,2호선,을지로순환선,35,문래,문래,文來,文来,Mullae,ムンレ,37.517933,126.89476,11190,영등포구,서울특별시 영등포구 당산로 지하28(문래동3가),서울특별시 영등포구 문래동3가 68-1 문래역(2호선),02-6110-2351
236,236,2,2호선,을지로순환선,36,영등포구청,영등포구청,永登浦區廳,永登浦区厅,Yeongdeungpo-gu Office,ヨンドゥンポグチョン,37.52497,126.895951,11190,영등포구,서울특별시 영등포구 당산로 지하121(당산동3가),서울특별시 영등포구 당산동3가 270-1 영등포구청역(2호선),02-6110-2361
237,237,2,2호선,을지로순환선,37,당산,당산,堂山,堂山,Dangsan,タンサン,37.53438,126.902281,11190,영등포구,서울특별시 영등포구 당산로 229(당산동6가),서울특별시 영등포구 당산동 6가 323-1 당산역(2호선),02-6110-2371
238,238,2,2호선,을지로순환선,38,합정,합정,合井,合井,Hapjeong,ハプチョン,37.549463,126.913739,11140,마포구,서울특별시 마포구 양화로 지하55(서교동),서울특별시 마포구 서교동 393 합정역(2호선),02-6110-2381
239,239,2,2호선,을지로순환선,39,홍대입구,홍대입구,弘大入口,弘益大学,Hongik Univ.,ホンデイック,37.557192,126.925381,11140,마포구,서울특별시 마포구 양화로 지하160(동교동),서울특별시 마포구 동교동 165 홍대입구역(2호선),02-6110-2391
240,240,2,2호선,을지로순환선,40,신촌,신촌,新村,新村,Sinchon,シンチョン(新村),37.555134,126.936893,11140,마포구,서울특별시 마포구 신촌로 지하90(노고산동),서울특별시 마포구 노고산동 31-11 신촌역(2호선),02-6110-2401
241,241,2,2호선,을지로순환선,41,이대,이대,梨大,梨花女子大学,Ewha Womans Univ.,イデ,37.556733,126.946013,11140,마포구,서울특별시 마포구 신촌로 지하180(염리동),서울특별시 마포구 염리동 8-85 이대역(2호선),02-6110-2411
242,242,2,2호선,을지로순환선,42,아현,아현,阿峴,阿岘,Ahyeon,アヒョン,37.557345,126.956141,11140,마포구,서울특별시 마포구 신촌로 지하270(아현동),서울특별시 마포구 아현동 354-23 아현역(2호선),02-6110-2421
243,243,2,2호선,을지로순환선,43,충정로(경기대입구),충정로|경기대입구,忠正路(京畿大入口),忠正路(京畿大学),Chungjeongno (Kyonggi Univ.),チュンジョンノ,37.559973,126.963672,11130,서대문구,서울특별시 서대문구 서소문로 지하17(충정로3가),서울특별시 서대문구 충정로3가 319-1 충정로역(2호선),02-6110-2431
244,211-1,2,2호선,성수지선,101,용답,용답,龍踏,龙踏,Yongdap,ヨンダプ,37.561904,127.050899,11040,성동구,서울특별시 성동구 용답길 86(용답동),서울특별시 성동구 용답동 127 용답역(2호선),02-6110-1341
245,211-2,2,2호선,성수지선,102,신답,신답,新踏,新踏,Sindap,シンダプ,37.57004,127.046481,11040,성동구,서울특별시 성동구 천호대로 232(용답동),서울특별시 성동구 용답동 129-2 신답역(2호선),02-6110-1351
250,211-3,2,2호선,성수지선,103,용두(동대문구청),용두|동대문구청,龍頭(東大門區廳),新亭十字路口,Sinjeongnegeori,シンジョンネゴリ,37.574028,127.038091,11060,동대문구,서울특별시 동대문구 천호대로 지하129(용두동),서울특별시 동대문구 용두동 47-1 용두역(2호선),02-6110-1361
246,211-4,2,2호선,성수지선,104,신설동,신설동,新設洞,龙头(东大门区厅),Yongdu (Dongdaemun-gu Office),ヨンドゥ,37.575297,127.025087,11060,동대문구,서울특별시 동대문구 왕산로 지하 1(신설동),서울특별시 동대문구 신설동 76-5 신설동역(2호선),02-6110-1371
247,234-1,2,2호선,신정지선,101,도림천,도림천,道林川,新设洞,Sinseoldong,シンソルトン,37.514287,126.882768,11170,구로구,서울특별시 구로구 경인로67길 160(신도림동),서울특별시 구로구 신도림동 323-16 도림천역(2호선),02-6110-2441
248,234-2,2,2호선,신정지선,102,양천구청,양천구청,陽川區廳,道林川,Dorimcheon,トリムチョン,37.512398,126.865819,11150,양천구,서울특별시 양천구 목동로3길 지하33(신정동),서울특별시 양천구 신정동 276-7 양천구청역(2호선),02-6110-2451
249,234-3,2,2호선,신정지선,103,신정네거리,신정네거리,新亭네거리,阳川区厅,Yangcheon-gu Office,ヤンチョングチョン,37.520074,126.852912,11150,양천구,서울특별시 양천구 중앙로 지하261(신정동),서울특별시 양천구 신정동 1231 신정네거리역(2호선),02-6110-2461
200,234-4,2,2호선,신정지선,104,까치산,까치산,까치山,喜鹊山,Kkachisan,カチサン,37.531768,126.846683,11160,강서구,서울특별시 강서구 강서로 지하54(화곡동),서울특별시 강서구 화곡동 662-5 까치산역(5호선),02-6311-5181
309,319,3,3호선,지하철3호선,1,지축,지축,紙木丑,纸杻,Jichuk,チチュク,37.648048,126.913951,31101,고양시덕양구,경기도 고양시 덕양구 삼송로 300(지축동),경기도 고양시 덕양구 지축동 818-64 지축역(3호선),02-6110-3191
310,320,3,3호선,지하철3호선,2,구파발,구파발,舊把撥,旧把拨,Gupabal,クパバル,37.636763,126.918821,11120,은평구,서울특별시 은평구 진관2로 지하15-25 (진관동),서울특별시 은평구 진관동 67-26 구파발역(3호선),02-6110-3201
311,321,3,3호선,지하철3호선,3,연신내,연신내,연신내,延新川,Yeonsinnae,ヨンシンネ,37.619001,126.921008,11120,은평구,서울특별시 은평구 통일로 지하849(갈현동),서울특별시 은평구 갈현동 397 연신내역(3호선),02-6110-3211
312,322,3,3호선,지하철3호선,4,불광,불광,佛光,佛光,Bulgwang,プルグァン,37.610469,126.929887,11120,은평구,서울특별시 은평구 통일로 지하723-1(대조동),서울특별시 은평구 대조동 13-10 불광역(3호선),02-6110-3221
313,323,3,3호선,지하철3호선,5,녹번,녹번,碌磻,碌磻,Nokbeon,ノッポン,37.600927,126.935756,11120,은평구,서울특별시 은평구 통일로 지하602-1(녹번동),서울특별시 은평구 녹번동 55 녹번역(3호선),02-6110-3231
314,324,3,3호선,지하철3호선,6,홍제,홍제,弘濟,弘济,Hongje,ホンジェ,37.589066,126.943736,11130,서대문구,서울특별시 서대문구 통일로 지하440-1(홍제동),서울특별시 서대문구 홍제동 161-1 홍제역(3호선),02-6110-3241
315,325,3,3호선,지하철3호선,7,무악재,무악재,毋岳재,毋岳岭,Muakjae,ムアクチェ,37.582299,126.950291,11130,서대문구,서울특별시 서대문구 통일로 지하361(홍제동),서울특별시 서대문구 홍제동 26-1 무악재역(3호선),02-6110-3251
316,326,3,3호선,지하철3호선,8,독립문,독립문,獨立門,独立门,Dongnimmun,トンニンムン,37.574571,126.957748,11130,서대문구,서울특별시 서대문구 통일로 지하247(현저동),서울특별시 서대문구 현저동 101 독립문역(3호선),02-6110-3261
317,327,3,3호선,지하철3호선,9,경복궁(정부서울청사),경복궁|정부서울청사,景福宮(政府中央廳舍),景福宫(政府首尔厅舍),Gyeongbokgung (Government Complex-Seoul),キョンボックン,37.575762,126.97353,11010,종로구,서울특별시 종로구 사직로 지하130(적선동),서울특별시 종로구 적선동 81-1 경복궁역(3호선),02-6110-3271
318,328,3,3호선,지하철3호선,10,안국,안국,安國,安国,Anguk,アングク,37.576477,126.985443,11010,종로구,서울특별시 종로구 율곡로 지하62(안국동),서울특별시 종로구 안국동 73-1 안국역(3호선),02-6110-3281
319,329,3,3호선,지하철3호선,11,종로3가(탑골공원),종로3가|탑골공원,鍾路3街(탑골공원),钟路三街,Jongno 3(sam)ga,チョンノサムガ,37.571607,126.991806,11010,종로구,서울특별시 종로구 돈화문로 지하30(묘동),서울특별시 종로구 묘동 20-5 종로3가역(3호선),02-6110-3291
320,330,3,3호선,지하철3호선,12,을지로3가,을지로3가,乙支路3街,乙支路三街,Euljiro 3(sam)ga,ウルチロサムガ,37.566295,126.99191,11020,중구,서울특별시 중구 을지로 지하129(을지로3가),서울특별시 중구 을지로3가 282-8 을지로3가역(3호선),02-6110-3301
321,331,3,3호선,지하철3호선,13,충무로,충무로,忠武路,忠武路,Chungmuro,チュンムロ,37.561243,126.99428,11020,중구,서울특별시 중구 퇴계로 지하214(필동2가),서울특별시 중구 필동2가 16-2 충무로역(3호선),02-6110-4231
322,332,3,3호선,지하철3호선,14,동대입구,동대입구,東大入口,东国大学,Dongguk Univ.,トンデイック,37.559052,127.005602,11020,중구,서울특별시 중구 동호로 지하256(장충동2가),서울특별시 중구 장충동2가 199-3 동대입구역(3호선),02-6110-3321
323,333,3,3호선,지하철3호선,15,약수,약수,藥水,药水,Yaksu,ヤクス,37.55434,127.010655,11020,중구,서울특별시 중구 다산로 지하122(신당동),서울특별시 중구 신당동 369-44 약수역(3호선),02-6110-3331
324,334,3,3호선,지하철3호선,16,금호,금호,金湖,金湖,Geumho,クムホ,37.548034,127.015872,11040,성동구,서울특별시 성동구 동호로 지하104(금호동4가),서울특별시 성동구 금호동4가 1470 금호역(3호선),02-6110-3341
325,335,3,3호선,지하철3호선,17,옥수,옥수,玉水,玉水,Oksu,オクス,37.540685,127.017965,11040,성동구,서울특별시 성동구 동호로 21(옥수동),서울특별시 성동구 옥수동 168-1 옥수역(3호선),02-6110-3351
326,336,3,3호선,지하철3호선,18,압구정,압구정,狎鷗亭,狎鸥亭,Apgujeong,アックジョン,37.527072,127.028461,11230,강남구,서울특별시 강남구 압구정로 지하172(신사동),서울특별시 강남구 신사동 668 압구정역(3호선),02-6110-3361
327,337,3,3호선,지하철3호선,19,신사,신사,新沙,新沙,Sinsa,シンサ,37.516334,127.020114,11230,강남구,서울특별시 강남구 도산대로 지하102(신사동),서울특별시 강남구 신사동 667 신사역(3호선),02-6110-3371
328,338,3,3호선,지하철3호선,20,잠원,잠원,蠶院,蚕院,Jamwon,チャムォン,37.512759,127.01122,11220,서초구,서울특별시 서초구 잠원로4길 지하46(잠원동),서울특별시 서초구 잠원동 100-1 잠원역(3호선),02-6110-3381
329,339,3,3호선,지하철3호선,21,고속터미널,고속터미널,高速터미널,高速巴士客运站,Express Bus Terminal,コソクターミナル,37.50481,127.004943,11220,서초구,서울특별시 서초구 신반포로 지하188(반포동),서울특별시 서초구 반포동 19-11 고속터미널역(3호선),02-6110-3391
330,340,3,3호선,지하철3호선,22,교대(법원.검찰청),교대|법원|검찰청,敎 大(法院.檢察廳),首尔教育大学(法院.检察厅),Seoul Nat'l Univ. of Education(Court & Prosecutors’ Office),キョデ ,37.493415,127.01408,11220,서초구,서울특별시 서초구 서초대로 지하294(서초동),서울특별시 서초구 서초동 1748-4 교대역(3호선),02-6110-3401
331,341,3,3호선,지하철3호선,23,남부터미널(예술의전당),남부터미널|예술의전당,南部터미널(藝術의殿堂),南部客运站(艺术殿堂),Nambu Bus Terminal (Seoul Arts Center),ナンブターミナル,37.485013,127.016189,11220,서초구,서울특별시 서초구 서초중앙로 지하31(서초동),서울특별시 서초구 서초동 1748-30 남부터미널역(3호선),02-6110-3411
332,342,3,3호선,지하철3호선,24,양재(서초구청),양재|서초구청,良才(瑞草區廳),良才(瑞草区厅),Yangjae (Seocho-gu Office),ヤンジェ,37.484147,127.034631,11220,서초구,서울특별시 서초구 남부순환로 지하2585(서초동),서울특별시 서초구 서초동 1366-9 양재역(3호선),02-6110-3421
333,343,3,3호선,지하철3호선,25,매봉,매봉,매봉,梅峰,Maebong,メボン,37.486947,127.046769,11230,강남구,서울특별시 강남구 남부순환로 지하2744(도곡동),서울특별시 강남구 도곡동 179-2 매봉역(3호선),02-6110-3431
334,344,3,3호선,지하철3호선,26,도곡,도곡,道谷,道谷,Dogok,トゴク,37.490858,127.055381,11230,강남구,서울특별시 강남구 남부순환로 지하2814(도곡동),서울특별시 강남구 도곡동 339-2 도곡역(3호선),02-6110-3441
335,345,3,3호선,지하철3호선,27,대치,대치,大峙,大峙,Daechi,テチ,37.494612,127.063642,11230,강남구,서울특별시 강남구 남부순환로 지하2952(대치동),서울특별시 강남구 대치동 317-3 대치역(3호선),02-6110-3451
336,346,3,3호선,지하철3호선,28,학여울,학여울,鶴여울,鹤滩,Hangnyeoul,ハンニョウル,37.496663,127.070594,11230,강남구,서울특별시 강남구 남부순환로 지하3104(대치동),서울특별시 강남구 대치동 514-3 학여울역(3호선),02-6110-3461
337,347,3,3호선,지하철3호선,29,대청,대청,대청,大厅,Daecheong,テチョン,37.493514,127.079532,11230,강남구,서울특별시 강남구 일원로 지하2(일원동),서울특별시 강남구 일원동 700-9 대청역(3호선),02-6110-3471
338,348,3,3호선,지하철3호선,30,일원,일원,逸院,逸院,Irwon,イルォン,37.483681,127.08439,11230,강남구,서울특별시 강남구 일원로 지하121(일원동),서울특별시 강남구 일원동 717 일원역(3호선),02-6110-3481
339,349,3,3호선,지하철3호선,31,수서,수서,水西,水西,Suseo,スソ,37.487371,127.10188,11230,강남구,서울특별시 강남구 광평로 지하270(수서동),서울특별시 강남구 수서동 728 수서역(3호선),02-6110-3491
340,350,3,3호선,지하철3호선,32,가락시장,가락시장,可樂市長,可乐市场,Garak Market,カラク・シジャン,37.492522,127.118234,11240,송파구,서울특별시 송파구 송파대로 지하257(가락동),서울특별시 송파구 가락동 184-23 가락시장역(3호선),02-6110-3501
341,351,3,3호선,지하철3호선,33,경찰병원,경찰병원,警察病院,警察医院,National Police Hospital,キョンチャル・ピョンウォン,37.495918,127.12454,11240,송파구,서울특별시 송파구 중대로 지하149(가락동),서울특별시 송파구 가락동 10-15 경찰병원역(3호선),02-6110-3511
342,352,3,3호선,지하철3호선,34,오금,오금,梧琴,梧琴,Ogeum,オグム,37.502162,127.128111,11240,송파구,서울특별시 송파구 오금로 지하321(오금동),서울특별시 송파구 오금동 44-2 오금역(3호선),02-6110-3521
409,409,4,4호선,지하철4호선,1,당고개,당고개,당고개,堂岭,Danggogae,タンゴゲ,37.670272,127.079066,11110,노원구,서울특별시 노원구 상계로 305(상계동),서울특별시 노원구 상계동 111 당고개역(4호선),02-6110-4091
410,410,4,4호선,지하철4호선,2,상계,상계,上溪,上溪,Sanggye,サンゲ,37.660878,127.073572,11110,노원구,서울특별시 노원구 상계로 182(상계동),서울특별시 노원구 상계동 156-203 상계역(4호선),02-6110-4101
411,411,4,4호선,지하철4호선,3,노원,노원,蘆原,芦原,Nowon,ノウォン,37.655128,127.061368,11110,노원구,서울특별시 노원구 상계로 69-1(상계동),서울특별시 노원구 상계동 602-5 노원역(4호선),02-6110-4111
412,412,4,4호선,지하철4호선,4,창동,창동,倉洞,仓洞,Changdong,チャンドン,37.653166,127.047731,11100,도봉구,서울특별시 도봉구 마들로11길 77(창동),서울특별시 도봉구 창동 135-1 창동역(4호선),02-6110-4121
413,413,4,4호선,지하철4호선,5,쌍문,쌍문,雙門,双门,Ssangmun,サンムン,37.648627,127.034709,11100,도봉구,서울특별시 도봉구 도봉로 지하 486-1(창동),서울특별시 도봉구 창동 703-4 쌍문역(4호선),02-6110-4131
414,414,4,4호선,지하철4호선,6,수유(강북구청),수유|강북구청,水踰(江北區廳),水逾(江北区厅),Suyu (Gangbuk-gu Office),スユ,37.638052,127.025732,11090,강북구,서울특별시 강북구 도봉로 지하338(수유동),서울특별시 강북구 수유동 140 수유역(4호선),02-6110-4141
415,415,4,4호선,지하철4호선,7,미아(서울사이버대학),미아|서울사이버대학,彌阿(서울사이버大學),弥阿(首尔网络大学),Mia (Seoul Cyber Univ.),ミア,37.62667,127.025983,11090,강북구,서울특별시 강북구 도봉로 지하198(미아동),서울특별시 강북구 미아동 194-1 미아역(4호선),02-6110-4151
416,416,4,4호선,지하철4호선,8,미아사거리,미아사거리,彌阿사거리,弥阿十字路口,Miasageori,ミアサゴリ,37.613292,127.030053,11090,강북구,서울특별시 강북구 도봉로 지하50(미아동),서울특별시 강북구 미아동 66-1 미아사거리역(4호선),02-6110-4161
417,417,4,4호선,지하철4호선,9,길음,길음,吉音,吉音,Gireum,キルム,37.603407,127.025053,11080,성북구,서울특별시 성북구 동소문로 지하248(길음동),서울특별시 성북구 길음동 877-66 길음역(4호선),02-6110-4171
418,418,4,4호선,지하철4호선,10,성신여대입구(돈암),성신여대입구|돈암,誠信女大入口(敦岩),诚信女子大学(敦岩),Sungshin Women's Univ. (Donam),ソンシンヨデイック,37.592624,127.016403,11080,성북구,서울특별시 성북구 동소문로 지하102(동선동4가),서울특별시 성북구 동선동4가 1 성신여대입구역(4호선),02-6110-4181
419,419,4,4호선,지하철4호선,11,한성대입구(삼선교),한성대입구|삼선교,漢城大入口(三仙橋),汉城大学(三仙桥),Hansung Univ. (Samseongyo),ハンソンデイック,37.588458,127.006221,11080,성북구,서울특별시 성북구 삼선교로 지하1(삼선동1가),서울특별시 성북구 삼선동1가 14 한성대입구역(4호선),02-6110-4191
420,420,4,4호선,지하철4호선,12,혜화,혜화,惠化,惠化,Hyehwa,ヘファ,37.582336,127.001844,11010,종로구,서울특별시 종로구 대학로 지하120(명륜4가),서울특별시 종로구 명륜4가 96-5 혜화역(4호선),02-6110-4201
421,421,4,4호선,지하철4호선,13,동대문,동대문,東大門,东大门,Dongdaemun,トンデムン,37.57142,127.009745,11010,종로구,서울특별시 종로구 율곡로 지하308(종로6가),서울특별시 종로구 종로6가 287-1 동대문역(4호선),02-6110-4211
422,422,4,4호선,지하철4호선,14,동대문역사문화공원(DDP),동대문역사문화공원|DDP,東大門歷史文化公園(DDP),东大门历史文化公园(DDP),Dongdaemun History & Culture Park(DDP),トンデムンヨクサムンファゴンウォン(DDP),37.565138,127.007896,11020,중구,서울특별시 중구 장충단로 지하230(광희동2가),서울특별시 중구 광희동2가 9 동대문역사문화공원역(4호선),02-6110-4221
423,423,4,4호선,지하철4호선,15,충무로,충무로,忠武路,忠武路,Chungmuro,チュンムロ,37.561243,126.99428,11020,중구,서울특별시 중구 퇴계로 지하214(필동2가),서울특별시 중구 필동2가 16-2 충무로역(4호선),02-6110-4231
424,424,4,4호선,지하철4호선,16,명동,명동,明洞,明洞,Myeongdong,ミョンドン,37.560989,126.986325,11020,중구,서울특별시 중구 퇴계로 지하126(충무로2가),서울특별시 중구 충무로2가 109-2 명동역(4호선),02-6110-4241
425,425,4,4호선,지하철4호선,17,회현(남대문시장),회현|남대문시장,會賢(南大門市場),会贤(南大门市场),Hoehyeon (Namdaemun Market),フェヒョン,37.558514,126.978246,11020,중구,서울특별시 중구 퇴계로 지하54(남창동),서울특별시 중구 남창동 64-1 회현역(4호선),02-6110-4251
426,426,4,4호선,지하철4호선,18,서울역,서울역,서울역,首尔站,Seoul Station,ソウルヨク,37.554648,126.972559,11030,용산구,서울특별시 용산구 한강대로 지하392(동자동),서울특별시 용산구 동자동 14-151 서울역 (4호선),02-6110-4261
427,427,4,4호선,지하철4호선,19,숙대입구(갈월),숙대입구|갈월,淑大入口(葛月),淑明女子大学(葛月),Sookmyung Women's Univ. (Garwol),スクテイック,37.54456,126.972106,11030,용산구,서울특별시 용산구 한강대로 지하306(갈월동),서울특별시 용산구 갈월동 16-7 숙대입구역(4호선),02-6110-4271
428,428,4,4호선,지하철4호선,20,삼각지,삼각지,三角地,三角地,Samgakji,サムガクチ,37.534777,126.97311,11030,용산구,서울특별시 용산구 한강대로 지하180(한강로1가),서울특별시 용산구 한강로1가 228-1 삼각지역(4호선),02-6110-4281
429,429,4,4호선,지하철4호선,21,신용산,신용산,新龍山,新龙山,Sinyongsan,シニョンサン,37.52917,126.967894,11030,용산구,서울특별시 용산구 한강대로 지하112(한강로2가),서울특별시 용산구 한강로2가 181 신용산역(4호선),02-6110-4291
430,430,4,4호선,지하철4호선,22,이촌(국립중앙박물관),이촌|국립중앙박물관,二 村(國立中央博物館),二村(国立中央博物馆),Ichon (National Museum of Korea),イチョン,37.522272,126.974345,11030,용산구,서울특별시 용산구 서빙고로 지하83(용산동5가),서울특별시 용산구 용산동5가 17-112 이촌역(4호선),02-6110-4301
431,431,4,4호선,지하철4호선,23,동작(현충원),동작|현충원,銅雀(顯忠院),铜雀(显忠院),Dongjak (Seoul National Cemetery),トンジャク,37.502971,126.979306,11200,동작구,서울특별시 동작구 현충로 257(동작동),서울특별시 동작구 동작동 327-1 동작역(4호선),02-6110-4311
432,432,4,4호선,지하철4호선,24,총신대입구(이수),총신대입구|이수,總神大入口(梨水),总神大学(梨水),Chongshin Univ. (Isu),チョンシンデイック,37.486263,126.981989,11200,동작구,서울특별시 동작구 동작대로 지하117(사당동),서울특별시 동작구 사당동 736-1 총신대입구(이수)역(4호선),02-6110-4321
433,433,4,4호선,지하철4호선,25,사당,사당,舍堂,舍堂,Sadang,サダン,37.47653,126.981685,11200,동작구,서울특별시 동작구  동작대로 지하3(사당동),서울특별시 동작구 사당동 588-44 사당역(4호선),02-6110-4331
434,434,4,4호선,지하철4호선,26,남태령,남태령,南泰嶺,南泰岭,Namtaeryeong,ナムテリョン,37.463873,126.989134,11220,서초구,서울특별시 서초구 과천대로 지하816(방배동),서울특별시 서초구 방배동 2909 남태령역(4호선),02-6110-4341
2511,510,5,5호선,지하철5호선본선,1,방화,방화,傍花,傍花,Banghwa,パンファ,37.577446,126.812741,11160,강서구,서울특별시 강서구 금낭화로 지하132(방화동),서울특별시 강서구 방화동 829-15 방화역(5호선),02-6311-5101
2512,511,5,5호선,지하철5호선본선,2,개화산,개화산,開花山,开花山,Gaehwasan,ケファサン,37.572399,126.806171,11160,강서구,서울특별시 강서구 양천로 22(방화동),서울특별시 강서구 방화동 846 개화산역(5호선),02-6311-5111
2513,512,5,5호선,지하철5호선본선,3,김포공항,김포공항,金浦空港,金浦机场,Gimpo Int'l Airport,キンポゴンハン,37.562434,126.801058,11160,강서구,서울특별시 강서구 하늘길 지하77(방화동),서울특별시 강서구 방화동 886 김포공항역(5호선),02-6311-5121
2514,513,5,5호선,지하철5호선본선,4,송정,송정,松亭,松亭,Songjeong,ソンジョン,37.561184,126.811973,11160,강서구,서울특별시 강서구 공항대로 지하33(공항동),서울특별시 강서구 공항동 29-5 송정역(5호선),02-6311-5131
2515,514,5,5호선,지하철5호선본선,5,마곡,마곡,麻谷,麻谷,Magok,マゴク,37.560183,126.825448,11160,강서구,서울특별시 강서구 공항대로 지하163(마곡동),서울특별시 강서구 마곡동 769-3 마곡역(5호선),02-6311-5141
2516,515,5,5호선,지하철5호선본선,6,발산,발산,鉢山,钵山,Balsan,パルサン,37.558598,126.837668,11160,강서구,서울특별시 강서구 공항대로 지하267(마곡동),서울특별시 강서구 마곡동 727-1496 발산역(5호선),02-6311-5151
2517,516,5,5호선,지하철5호선본선,7,우장산,우장산,雨裝山,雨装山,Ujangsan,ウジャンサン,37.548768,126.836318,11160,강서구,서울특별시 강서구 강서로 지하262(화곡동),서울특별시 강서구 화곡동 1089-3 우장산역(5호선),02-6311-5161
2518,517,5,5호선,지하철5호선본선,8,화곡,화곡,禾谷,禾谷,Hwagok,ファゴク,37.541513,126.840461,11160,강서구,서울특별시 강서구 화곡로 지하168(화곡동),서울특별시 강서구 화곡동 1089-54 화곡역(5호선),02-6311-5171
2519,518,5,5호선,지하철5호선본선,9,까치산,까치산,까치山,喜鹊山,Kkachisan,カチサン,37.531768,126.846683,11160,강서구,서울특별시 강서구 강서로 지하54(화곡동),서울특별시 강서구 화곡동 662-5 까치산역(5호선),02-6311-5181
2520,519,5,5호선,지하철5호선본선,10,신정(은행정),신정|은행정,新亭(銀杏亭),新亭(银杏亭),Sinjeong(Eunhaengjeong),シンジョン,37.524997,126.856191,11150,양천구,서울특별시 양천구 오목로 지하179(신정동),서울특별시 양천구 신정동 1090 신정역(5호선),02-6311-5191
2521,520,5,5호선,지하철5호선본선,11,목동,목동,木洞,木洞,Mok-dong,モクトン,37.526065,126.864931,11150,양천구,서울특별시 양천구 오목로 지하245(목동),서울특별시 양천구 목동 926-3 목동역(5호선),02-6311-5201
2522,521,5,5호선,지하철5호선본선,12,오목교(목동운동장앞),오목교|목동운동장앞,梧木橋(木洞運動場앞),梧木桥(木洞运动场),Omokgyo(Mokdong Stadium),オモッキョ,37.524496,126.875181,11150,양천구,서울특별시 양천구 오목로 지하342(목동),서울특별시 양천구 목동 406-30 오목교역(5호선),02-6311-5211
2523,522,5,5호선,지하철5호선본선,13,양평,양평,楊坪,杨坪,Yangpyeong,ヤンピョン,37.525648,126.885778,11190,영등포구,서울특별시 영등포구 양산로 지하21(양평동2가),서울특별시 영등포구 양평동2가 33-79 양평역(5호선),02-6311-5221
2524,523,5,5호선,지하철5호선본선,14,영등포구청,영등포구청,永登浦區廳,永登浦区厅,Yeongdeungpo-gu Office,ヨンドゥンポグチョン,37.52497,126.895951,11190,영등포구,서울특별시 영등포구 양산로 지하116(당산동3가),서울특별시 영등포구 당산동3가 556-1 영등포구청역(5호선),02-6311-5231
2525,524,5,5호선,지하철5호선본선,15,영등포시장,영등포시장,永登浦市場,永登浦市场,Yeongdeungpo Market,ヨンドゥンポシジャン,37.522669,126.905139,11190,영등포구,서울특별시 영등포구 양산로 지하200(영등포동5가),서울특별시 영등포구 영등포동5가 62-1 영등포시장역(5호선),02-6311-5241
2526,525,5,5호선,지하철5호선본선,16,신길,신길,新吉,新吉,Singil,シンギル,37.517122,126.917169,11190,영등포구,서울특별시 영등포구 경인로114가길 지하9(영등포동1가),서울특별시 영등포구 영등포동1가 35 신길역(5호선),02-6311-5251
2527,526,5,5호선,지하철5호선본선,17,여의도,여의도,汝矣島,汝矣岛,Yeouido,ヨイド,37.521624,126.924191,11190,영등포구,서울특별시 영등포구 여의나루로 지하40(여의도동),서울특별시 영등포구 여의도동 3 여의도역(5호선),02-6311-5261
2528,527,5,5호선,지하철5호선본선,18,여의나루,여의나루,여의나루,汝矣渡口,Yeouinaru,ヨイナル,37.527098,126.932901,11190,영등포구,서울특별시 영등포구 여의동로 지하343(여의도동),서울특별시 영등포구 여의도동 84-4 여의나루역(5호선),02-6311-5271
2529,528,5,5호선,지하철5호선본선,19,마포,마포,麻浦,麻浦,Mapo,マポ,37.539574,126.945932,11140,마포구,서울특별시 마포구 마포대로 지하33(도화동),서울특별시 마포구 도화동 160 마포역(5호선),02-6311-5281
2530,529,5,5호선,지하철5호선본선,20,공덕,공덕,孔德,孔德,Gongdeok,コンドク,37.544018,126.951592,11140,마포구,서울특별시 마포구 마포대로 지하100(공덕동),서울특별시 마포구 공덕동 423-29 공덕역(5호선),02-6311-5291
2531,530,5,5호선,지하철5호선본선,21,애오개,애오개,애오개,儿岭,Aeogae,エオゲ,37.553736,126.95682,11140,마포구,서울특별시 마포구 마포대로 지하210(아현동),서울특별시 마포구 아현동 612 애오개역(5호선),02-6311-5301
2532,531,5,5호선,지하철5호선본선,22,충정로(경기대입구),충정로|경기대입구,忠正路(京畿大入口),忠正路(京畿大学),Chungjeongno(Kyonggi Univ.),チュンジョンノ,37.559973,126.963672,11130,서대문구,서울특별시 서대문구 충정로 지하 28-1(충정로3가),서울특별시 서대문구 충정로3가 248-1 충정로역(5호선),02-6311-5311
2533,532,5,5호선,지하철5호선본선,23,서대문,서대문,西大門,西大门,Seodaemun,ソデムン,37.565773,126.966641,11010,종로구,서울특별시 종로구 통일로 지하126(평동),서울특별시 종로구 평동 210 서대문역(5호선),02-6311-5321
2534,533,5,5호선,지하철5호선본선,24,광화문(세종문화회관),광화문|세종문화회관,光化門(世宗文化會館),光化门(世宗文化会馆),Gwanghwamun(Sejong Center for the Performing Arts),クァンファムン,37.571026,126.976669,11010,종로구,서울특별시 종로구 세종대로 지하172(세종로),서울특별시 종로구 세종로 1-68 5호선 광화문역(5호선),02-6311-5331
2535,534,5,5호선,지하철5호선본선,25,종로3가(탑골공원),종로3가|탑골공원,鍾路3街(탑골공원),钟路三街(塔谷公园),Jongno 3(sam)ga(Tapgol Park),チョンノサムガ,37.571607,126.991806,11010,종로구,서울특별시 종로구 돈화문로11길 지하 26(돈의동),서울특별시 종로구 돈의동 39-1 5호선 종로3가역(5호선),02-6311-5341
2536,535,5,5호선,지하철5호선본선,26,을지로4가,을지로4가,乙支路4街,乙支路四街,Euljiro 4(sa)ga,ウルチロサガ,37.566941,126.998079,11020,중구,서울특별시 중구 창경궁로 지하51(주교동),서울특별시 중구 주교동 191 을지로4가역(5호선),02-6311-5351
2537,536,5,5호선,지하철5호선본선,27,동대문역사문화공원(DDP),동대문역사문화공원|DDP,東大門歷史文化公園(DDP),东大门历史文化公园(DDP),Dongdaemun History & Culture Park(DDP),トンデムンヨクサムンファゴンウォン(DDP),37.565138,127.007896,11020,중구,서울특별시 중구 마른내로 지하162(광희동1가),서울특별시 중구 광희동1가 235-6 동대문역사문화공원역(5호선),02-6311-5361
2538,537,5,5호선,지하철5호선본선,28,청구,청구,靑丘,青丘,Cheonggu,チョング,37.560245,127.013828,11020,중구,서울특별시 중구 청구로 지하77(신당동),서울특별시 중구 신당동 295-2 청구역(5호선),02-6311-5371
2539,538,5,5호선,지하철5호선본선,29,신금호,신금호,新金湖,新金湖,Singeumho,シングムホ,37.554548,127.020331,11040,성동구,서울특별시 성동구 금호로 지하154(금호동2가),서울특별시 성동구 금호동2가 223-1 신금호역(5호선),02-6311-5381
2540,539,5,5호선,지하철5호선본선,30,행당,행당,杏堂,杏堂,Haengdang,ヘンダン,37.557322,127.029476,11040,성동구,서울특별시 성동구 행당로 지하89(행당동),서울특별시 성동구 행당동 317-241 행당역(5호선),02-6311-5391
2541,540,5,5호선,지하철5호선본선,31,왕십리(성동구청),왕십리|성동구청,往十里(城東區廳),往十里(城东区厅),Wangsimni(Seongdong-gu Office),ワンシムニ(ソンドン区庁),37.561533,127.037732,11040,성동구,서울특별시 성동구 왕십리로 지하300(행당동),서울특별시 성동구 행당동 192 왕십리역(5호선),02-6311-5401
2542,541,5,5호선,지하철5호선본선,32,마장,마장,馬場,马场,Majang,マジャン,37.5661,127.042973,11040,성동구,서울특별시 성동구 마장로 지하296(마장동),서울특별시 성동구 마장동 804 마장역(5호선),02-6311-5411
2543,542,5,5호선,지하철5호선본선,33,답십리,답십리,踏十里,踏十里,Dapsimni,タプシムニ,37.566747,127.052704,11040,성동구,서울특별시 성동구 천호대로 지하300(용답동),서울특별시 성동구 용답동 99 답십리역(5호선),02-6311-5421
2544,543,5,5호선,지하철5호선본선,34,장한평,장한평,長漢坪,长汉坪,Janghanpyeong,チャンハンピョン,37.56144,127.064623,11060,동대문구,서울특별시 동대문구 천호대로 지하405(장안동),서울특별시 동대문구 장안동 472-3 장한평역(5호선),02-6311-5431
2545,544,5,5호선,지하철5호선본선,35,군자(능동),군자|능동,君子(陵洞),君子(陵洞),Gunja(Neung-dong),クンジャ,37.557121,127.079542,11050,광진구,서울특별시 광진구 천호대로 지하550(능동),서울특별시 광진구 능동 275-5 군자(능동)역(5호선),02-6311-5441
2546,545,5,5호선,지하철5호선본선,36,아차산(어린이대공원후문),아차산|어린이대공원후문,峨嵯山(어린이大公園後門),峨嵯山(儿童大公园后门),Achasan(Rear Entrance to Seoul Children's Grand Park),アチャサン,37.551691,127.089761,11050,광진구,서울특별시 광진구 천호대로 지하657(능동),서울특별시 광진구 능동 256-16 5호선 아차산역(5호선),02-6311-5451
2547,546,5,5호선,지하철5호선본선,37,광나루(장신대),광나루|장신대,광나루(長神大),广渡口(长神大学),Gwangnaru(Presbyterian University & Theological Seminary),クァンナル,37.545303,127.10357,11050,광진구,서울특별시 광진구 아차산로 지하571(광장동),서울특별시 광진구 광장동 237 광나루역(5호선),02-6311-5461
2548,547,5,5호선,지하철5호선본선,38,천호(풍납토성),천호|풍납토성,千戶(風納土城),千戶(风纳土城),Cheonho(Pungnaptoseong),チョンホ,37.538397,127.123572,11250,강동구,서울특별시 강동구 천호대로 지하997(천호동),서울특별시 강동구 천호동 455 천호역(5호선),02-6311-5471
2549,548,5,5호선,지하철5호선본선|마천지선,39,강동,강동,江東,江东,Gangdong,カンドン,37.535804,127.132481,11250,강동구,서울특별시 강동구 천호대로 지하1097(천호동),서울특별시 강동구 천호동 447 강동역(5호선),02-6311-5481
2550,549,5,5호선,지하철5호선본선,40,길동,길동,吉洞,吉洞,Gil-dong,キルトン,37.537801,127.140004,11250,강동구,서울특별시 강동구 양재대로 지하1480(길동),서울특별시 강동구 길동 378 길동역(5호선),02-6311-5491
2551,550,5,5호선,지하철5호선본선,41,굽은다리(강동구민회관앞),굽은다리|강동구민회관앞,굽은다리(江東區民會館앞),曲桥(江东区民会馆),Gubeundari(Gangdong Community Center ),クブンダリ,37.545477,127.142853,11250,강동구,서울특별시 강동구 양재대로 지하1572(명일동),서울특별시 강동구 명일동 345-12 굽은다리역(5호선),02-6311-5501
2552,551,5,5호선,지하철5호선본선,42,명일,명일,明逸,明逸,Myeongil,ミョンイル,37.55137,127.143999,11250,강동구,서울특별시 강동구 양재대로 지하1632(명일동),서울특별시 강동구 명일동 312 명일역(5호선),02-6311-5511
2553,552,5,5호선,지하철5호선본선,43,고덕,고덕,高德,高德,Godeok,コドク,37.555004,127.154151,11250,강동구,서울특별시 강동구 고덕로 지하253(고덕동),서울특별시 강동구 고덕동 310 고덕역(5호선),02-6311-5521
2554,553,5,5호선,지하철5호선본선,44,상일동,상일동,上一洞,上一洞,Sangil-dong,サンイルトン,37.556712,127.166417,11250,강동구,서울특별시 강동구 고덕로 지하359(상일동),서울특별시 강동구 상일동 148 상일동역(5호선),02-6311-5531
2562,554,5,5호선,지하철5호선하남선,45,강일,강일,江一,江一,Gangil,カンイル,37.557471,127.17571,11250,강동구,서울특별시 강동구 고덕로 지하456(강일동),서울특별시 강동구 상일동 산73 강일역(5호선),02-6311-5611
2563,555,5,5호선,지하철5호선하남선,46,미사,미사,渼沙,渼沙,Misa,ミサ,37.563118,127.192932,31180,하남시,경기도 하남시 미사강변동로 지하90(망월동),경기도 하남시 망월동 1122 미사역(5호선),02-6311-5621
2564,556,5,5호선,지하철5호선하남선,47,하남풍산,하남풍산,河南豊山,河南丰山,Hanam Pungsan,ハナンプンサン,37.552059,127.20388,31180,하남시,경기도 하남시 덕풍서로 지하50(덕풍동),경기도 하남시 덕풍동 727-3 하남풍산역(5호선),02-6311-5631
2565,557,5,5호선,지하철5호선하남선,48,하남시청(덕풍.신장),하남시청|덕풍|신장,河南市廳(德豊.新長),河南市厅(德丰·新长),Hanam City Hall (Deokpung&Sinjang),ハナムシチョン (トクプン∙シンジャン),37.541967,127.206298,31180,하남시,경기도 하남시 하남대로 지하820(덕풍동),경기도 하남시 덕풍동 405-1 하남시청(덕풍신장)역(5호선),02-6311-5641
2566,558,5,5호선,지하철5호선하남선,49,하남검단산,하남검단산,河南黔丹山,河南黔丹山,Hanam Geomdansan,ハナムゴムダンサン,37.539827,127.2231,31180,하남시,경기도 하남시 대청로 지하100(창우동),경기도 하남시 창우동 526 하남검단산역(5호선),02-6311-5651
2555,P549,5,5호선,마천지선,50,둔촌동,둔촌동,遁村洞,遁村洞,Dunchon-dong,トゥンチョンドン,37.527788,127.136248,11250,강동구,서울특별시 강동구 양재대로 지하1369(둔촌동),서울특별시 강동구 둔촌동 416 둔촌동역(5호선),02-6311-5541
2556,P550,5,5호선,마천지선,51,올림픽공원(한국체대),올림픽공원|한국체대,올림픽公園(韓國體大),奥林匹克公园(韩国体育大学),Olympic Park(Korea National Sport University),オリンピックゴンウォン,37.516078,127.130848,11240,송파구,서울특별시 송파구 양재대로 지하1233(방이동),서울특별시 송파구 방이동 89-28 올림픽공원역(5호선),02-6311-5551
2557,P551,5,5호선,마천지선,52,방이,방이,芳荑,芳荑,Bangi,パンイ,37.508857,127.126133,11240,송파구,서울특별시 송파구 양재대로 지하1127(방이동),서울특별시 송파구 방이동 217-2 방이역(5호선),02-6311-5561
2558,P552,5,5호선,마천지선,53,오금,오금,梧琴,梧琴,Ogeum,オグム,37.502162,127.128111,11240,송파구,서울특별시 송파구 오금로 지하321(오금동),서울특별시 송파구 오금동 44-2 오금역(5호선),02-6110-3521
2559,P553,5,5호선,마천지선,54,개롱,개롱,開籠,开笼,Gaerong,ケロン,37.498079,127.13482,11240,송파구,서울특별시 송파구 오금로 지하402(가락동),서울특별시 송파구 가락동 165-2 개롱역(5호선),02-6311-5581
2560,P554,5,5호선,마천지선,55,거여,거여,巨余,巨余,Geoyeo,コヨ,37.493105,127.14415,11240,송파구,서울특별시 송파구 오금로 지하499(거여동),서울특별시 송파구 거여동 20-14 거여역(5호선),02-6311-5591
2561,P555,5,5호선,마천지선,56,마천,마천,馬川,马川,Macheon,マチョン,37.49499,127.152781,11240,송파구,서울특별시 송파구 마천로57길 지하7(마천동),서울특별시 송파구 마천동 307-4 마천역(5호선),02-6311-5601
2611,610,6,6호선,지하철6호선,1,응암,응암,鷹岩,鹰岩,Eungam,ウンアム,37.598605,126.915577,11120,은평구,서울특별시 은평구 증산로 지하477(신사동),서울특별시 은평구 신사동 22-15 응암역(6호선),02-6311-6101
2612,611,6,6호선,지하철6호선,2,역촌,역촌,驛村,驿村,Yeokchon,ヨクチョン,37.606021,126.922744,11120,은평구,서울특별시 은평구 서오릉로 지하63(녹번동),서울특별시 은평구 녹번동 153-31 역촌역(6호선),02-6311-6111
2613,612,6,6호선,지하철6호선,3,불광,불광,佛光,佛光,Bulgwang,プルグァン,37.610469,126.929887,11120,은평구,서울특별시 은평구 통일로 지하723-1(대조동),서울특별시 은평구 대조동 13-10 불광역(6호선),02-6311-6121
2614,613,6,6호선,지하철6호선,4,독바위,독바위,독바위,瓮岩,Dokbawi,トッパウィ,37.618456,126.933031,11120,은평구,서울특별시 은평구 불광로 지하129-1(불광동),서울특별시 은평구 불광동 13-33 독바위역(6호선),02-6311-6131
2615,614,6,6호선,지하철6호선,5,연신내,연신내,연신내,延新川,Yeonsinnae,ヨンシンネ,37.619001,126.921008,11120,은평구,서울특별시 은평구 통일로 지하849(갈현동),서울특별시 은평구 갈현동 397 연신내역(6호선),02-6110-3211
2616,615,6,6호선,지하철6호선,6,구산,구산,龜山,龟山,Gusan,クサン,37.611377,126.91727,11120,은평구,서울특별시 은평구 연서로 지하137-1(구산동),서울특별시 은평구 구산동 1 구산역(6호선),02-6311-6151
2617,616,6,6호선,지하철6호선,7,새절(신사),새절|신사,새절(新寺),赛折(新寺),Saejeol(Sinsa),セジョル,37.591148,126.913629,11120,은평구,서울특별시 은평구 증산로 지하400(신사동),서울특별시 은평구 신사동 337-5 새절역(6호선),02-6311-6161
2618,617,6,6호선,지하철6호선,8,증산(명지대앞),증산|명지대앞,繒山(明知大앞),缯山(明知大学),Jeungsan(Myongji Univ.),チュンサン,37.583876,126.909645,11120,은평구,서울특별시 은평구 증산로 지하306(증산동),서울특별시 은평구 증산동 199-8 증산역(6호선),02-6311-6171
2619,618,6,6호선,지하철6호선,9,디지털미디어시티(DMC),디지털미디어시티|DMC,디지털미디어시티(DMC),数码媒体城,Digital Media City,デジタルメディアシティ,37.576646,126.900984,11120,은평구,서울특별시 은평구 수색로 지하175(증산동),서울특별시 은평구 증산동 223-25 디지털미디어시티역(6호선),02-6311-6181
2620,619,6,6호선,지하철6호선,10,월드컵경기장(성산),월드컵경기장|성산,월드컵競技場(城山),世界杯体育场(城山),World Cup Stadium(Seongsan),ワールドカップ・キョンギジャン,37.569532,126.899298,11140,마포구,서울특별시 마포구 월드컵로 지하240(성산동),서울특별시 마포구 성산동 420 월드컵경기장역(6호선),02-6311-6191
2621,620,6,6호선,지하철6호선,11,마포구청,마포구청,麻浦區廳,麻浦区厅,Mapo-gu Office,マポグチョン,37.563515,126.903343,11140,마포구,서울특별시 마포구 월드컵로 지하190(성산동),서울특별시 마포구 성산동 592 마포구청역(6호선),02-6311-6201
2622,621,6,6호선,지하철6호선,12,망원,망원,望遠,望远,Mangwon,マンウォン,37.556094,126.910052,11140,마포구,서울특별시 마포구 월드컵로 지하77(망원동),서울특별시 마포구 망원동 378 망원역(6호선),02-6311-6211
2623,622,6,6호선,지하철6호선,13,합정,합정,合井,合井,Hapjeong,ハプチョン,37.549463,126.913739,11140,마포구,서울특별시 마포구 양화로 지하45(합정동),서울특별시 마포구 합정동 414 합정역(6호선),02-6311-6221
2624,623,6,6호선,지하철6호선,14,상수,상수,上水,上水,Sangsu,サンス,37.547716,126.922852,11140,마포구,서울특별시 마포구 독막로 지하85(상수동),서울특별시 마포구 상수동 309-10 상수역(6호선),02-6311-6231
2625,624,6,6호선,지하철6호선,15,광흥창(서강),광흥창|서강,廣興倉(西江),广兴仓(西江),Gwangheungchang(Seogang),クァンフンチャン,37.547456,126.931993,11140,마포구,서울특별시 마포구 독막로 지하165(창전동),서울특별시 마포구 창전동 145-17 광흥창역(6호선),02-6311-6241
2626,625,6,6호선,지하철6호선,16,대흥(서강대앞),대흥|서강대앞,大興(西江大앞),大兴(西江大学),Daeheung(Sogang Univ.),テフン,37.547771,126.942069,11140,마포구,서울특별시 마포구 대흥로 지하85(대흥동),서울특별시 마포구 대흥동 128-1 대흥역(6호선),02-6311-6251
2627,626,6,6호선,지하철6호선,17,공덕,공덕,孔德,孔德,Gongdeok,コンドク,37.544018,126.951592,11140,마포구,서울특별시 마포구 백범로 지하200(공덕동),서울특별시 마포구 공덕동 439 공덕역(6호선),02-6311-5291
2628,627,6,6호선,지하철6호선,18,효창공원앞,효창공원앞,孝昌公園앞,孝昌公园,Hyochang Park,ヒョチャンゴンウォンアプ,37.539261,126.961351,11030,용산구,서울특별시 용산구 백범로 지하287(효창동),서울특별시 용산구 효창동 80 효창공원앞역(6호선),02-6311-6271
2629,628,6,6호선,지하철6호선,19,삼각지,삼각지,三角地,三角地,Samgakji,サムガクチ,37.534777,126.97311,11030,용산구,서울특별시 용산구 한강대로 지하185(한강로1가),서울특별시 용산구 한강로1가 228-1 삼각지역(6호선),02-6311-6281
2630,629,6,6호선,지하철6호선,20,녹사평(용산구청),녹사평|용산구청,綠莎坪(龍山區廳),绿莎坪(龙山区厅),Noksapyeong(Yongsan-gu Office),ノッサピョン,37.534675,126.986695,11030,용산구,서울특별시 용산구 녹사평대로 지하195(용산동4가),서울특별시 용산구 용산동4가 4 녹사평역(6호선),02-6311-6291
2631,630,6,6호선,지하철6호선,21,이태원,이태원,梨泰院,梨泰院,Itaewon,イテウォン,37.534488,126.994302,11030,용산구,서울특별시 용산구 이태원로 지하177(이태원동),서울특별시 용산구 이태원동 119-23 이태원역(6호선),02-6311-6301
2632,631,6,6호선,지하철6호선,22,한강진,한강진,漢江鎭,汉江镇,Hangangjin,ハンガンジン,37.539631,127.001725,11030,용산구,서울특별시 용산구 이태원로 지하287(한남동),서울특별시 용산구 한남동 726-494 한강진역(6호선),02-6311-6311
2633,632,6,6호선,지하철6호선,23,버티고개,버티고개,버티고개,波堤岭,Beotigogae,ポティゴゲ,37.548013,127.007055,11020,중구,서울특별시 중구 다산로 지하38(신당동),서울특별시 중구 신당동 366-454 버티고개역(6호선),02-6311-6321
2634,633,6,6호선,지하철6호선,24,약수,약수,藥水,药水,Yaksu,ヤッス,37.55434,127.010655,11020,중구,서울특별시 중구 다산로 지하115(신당동),서울특별시 중구 신당동 369-2 약수역(6호선),02-6311-6331
2635,634,6,6호선,지하철6호선,25,청구,청구,靑丘,青丘,Cheonggu,チョング,37.560245,127.013828,11020,중구,서울특별시 중구 청구로 지하77(신당동),서울특별시 중구 신당동 295-2 청구역(6호선),02-6311-5371
2636,635,6,6호선,지하철6호선,26,신당,신당,新堂,新堂,Sindang,シンダン,37.565972,127.01782,11020,중구,서울특별시 중구 다산로 지하260(흥인동),서울특별시 중구 흥인동 162-1 신당역(6호선),02-6311-6351
2637,636,6,6호선,지하철6호선,27,동묘앞,동묘앞,東廟앞,东庙,Dongmyo,トンミョアプ,37.572627,127.016429,11010,종로구,서울특별시 종로구 지봉로 지하24(숭인동),서울특별시 종로구 숭인동 316-3 동묘앞역(6호선),02-6311-6361
2638,637,6,6호선,지하철6호선,28,창신,창신,昌信,昌信,Changsin,チャンシン,37.579661,127.015241,11010,종로구,서울특별시 종로구 지봉로 지하112(창신동),서울특별시 종로구 창신동 20-8 창신역(6호선),02-6311-6371
2639,638,6,6호선,지하철6호선,29,보문,보문,普門,普门,Bomun,ポムン,37.585286,127.019381,11080,성북구,서울특별시 성북구 보문로 지하116(보문동1가),서울특별시 성북구 보문동1가 127-1 보문역(6호선),02-6311-6381
2640,639,6,6호선,지하철6호선,30,안암(고대병원앞),안암|고대병원앞,安岩(高大病院앞),安岩(高丽大学医院),Anam(Korea Univ. Hospital),アナム,37.586272,127.029005,11080,성북구,서울특별시 성북구 고려대로 지하89(안암동5가),서울특별시 성북구 안암동5가 146-1 안암역(6호선),02-6311-6391
2641,640,6,6호선,지하철6호선,31,고려대(종암),고려대|종암,高麗大(鍾岩),高丽大学(钟岩),Korea Univ.(Jongam),コリョデ,37.590508,127.036296,11080,성북구,서울특별시 성북구 종암로 지하1(종암동),서울특별시 성북구 종암동 29-18 고려대역(6호선),02-6311-6401
2642,641,6,6호선,지하철6호선,32,월곡(동덕여대),월곡|동덕여대,月谷(同德女大),月谷(同德女子大学),Wolgok(Dongduk Women's Univ.),ウォルゴク,37.601948,127.041518,11080,성북구,서울특별시 성북구 월곡로 지하107(하월곡동),서울특별시 성북구 하월곡동 35-1 월곡역(6호선),02-6311-6411
2643,642,6,6호선,지하철6호선,33,상월곡(한국과학기술연구원),상월곡|한국과학기술연구원,上月谷(韓國科學技術硏究院),上月谷(韩国科学技术硏究院),Sangwolgok(KIST) ,サンウォルゴク,37.606377,127.048491,11080,성북구,서울특별시 성북구 화랑로 지하157(상월곡동),서울특별시 성북구 상월곡동 26-1 상월곡역(6호선),02-6311-6421
2644,643,6,6호선,지하철6호선,34,돌곶이,돌곶이,돌곶이,石串,Dolgoji,トルゴジ,37.610537,127.056431,11080,성북구,서울특별시 성북구 화랑로 지하243(석관동),서울특별시 성북구 석관동 349-8 돌곶이역(6호선),02-6311-6431
2645,644,6,6호선,지하철6호선,35,석계,석계,石溪,石溪,Seokgye,ソッケ,37.614805,127.065851,11110,노원구,서울특별시 노원구 화랑로 지하 347-1(월계동),서울특별시 노원구 월계동 25-2 석계역(6호선),02-6311-6441
2646,645,6,6호선,지하철6호선,36,태릉입구,태릉입구,泰陵入口,泰陵,Taereung,テルンイック,37.617983,127.07512,11110,노원구,서울특별시 노원구 동일로 지하 992-1(공릉동),서울특별시 노원구 공릉동 616-4 태릉입구역(6호선),02-6311-7171
2647,646,6,6호선,지하철6호선,37,화랑대(서울여대입구),화랑대|서울여대입구,花郞臺(서울女大入口),花郞台(首尔女子大学),Hwarangdae(Seoul Women's Univ.),ファランデ,37.620064,127.084689,11110,노원구,서울특별시 노원구 화랑로 지하510(공릉동),서울특별시 노원구 공릉동 285-2 화랑대역(6호선),02-6311-6461
2648,647,6,6호선,지하철6호선,38,봉화산(서울의료원),봉화산|서울의료원,烽火山(서울醫療院),烽火山(首尔医疗院),Bonghwasan(Seoul Medical Center),ポンファサン,37.617283,127.091401,11070,중랑구,서울특별시 중랑구 신내로 지하232(신내동),서울특별시 중랑구 신내동 643-1 봉화산역(6호선),02-6311-6471
2649,648,6,6호선,지하철6호선,39,신내,신내,新內,新內,Sinnae,シンネ,37.612668,127.103213,11070,중랑구,서울특별시 중랑구 용마산로136길 33 신내차량기지,서울특별시 중랑구 신내동 19 신내역(6호선),02-6311-6481
2711,709,7,7호선,지하철7호선,1,장암,장암,長岩,长岩,Jangam,チャンアム,37.700109,127.053196,31030,의정부시,경기도 의정부시 동일로 121(장암동),경기도 의정부시 장암동 160-8 장암역(7호선),02-6311-7091
2712,710,7,7호선,지하철7호선,2,도봉산,도봉산,道峰山,道峰山,Dobongsan,トボンサン,37.689313,127.046222,11100,도봉구,서울특별시 도봉구 도봉로 964-40(도봉동),서울특별시 도봉구 도봉동 38-3 도봉산역(7호선),02-6311-7101
2713,711,7,7호선,지하철7호선,3,수락산,수락산,水落山,水落山,Suraksan,スラッサン,37.67785,127.055315,11110,노원구,서울특별시 노원구 동일로 지하1662(상계동),서울특별시 노원구 상계동 1132-9 수락산역(7호선),02-6311-7111
2714,712,7,7호선,지하철7호선,4,마들,마들,마들,马得,Madeul,マドゥル,37.66494,127.057675,11110,노원구,서울특별시 노원구 동일로 지하1530-1(상계동),서울특별시 노원구 상계동 650 마들역(7호선),02-6311-7121
2715,713,7,7호선,지하철7호선,5,노원,노원,蘆原,芦原,Nowon,ノウォン,37.655128,127.061368,11110,노원구,서울특별시 노원구 동일로 지하1409(상계동),서울특별시 노원구 상계동 729 노원역(7호선),02-6311-7131
2716,714,7,7호선,지하철7호선,6,중계,중계,中溪,中溪,Junggye,チュンゲ,37.644583,127.064303,11110,노원구,서울특별시 노원구 동일로 지하1308-1(중계동),서울특별시 노원구 중계동 503-3 중계역(7호선),02-6311-7141
2717,715,7,7호선,지하철7호선,7,하계,하계,下 溪,下溪,Hagye,ハゲ,37.636352,127.06799,11110,노원구,서울특별시 노원구 동일로 지하1196(하계동),서울특별시 노원구 하계동 273-5 하계역(7호선),02-6311-7151
2718,716,7,7호선,지하철7호선,8,공릉(서울과학기술대),공릉|서울과학기술대,孔陵(서울産業大入口),孔陵(首尔科学技术大学),Gongneung(Seoul National Univ. of Science & Technology),コンヌン,37.625742,127.072896,11110,노원구,서울특별시 노원구 동일로 지하1074(공릉동),서울특별시 노원구 공릉동 385-4 공릉역(7호선),02-6311-7161
2719,717,7,7호선,지하철7호선,9,태릉입구,태릉입구,泰陵入口,泰陵,Taereung,テルンイック,37.617983,127.07512,11110,노원구,서울특별시 노원구 동일로 지하 992-1(공릉동),서울특별시 노원구 공릉동 616-4 태릉입구역(7호선),02-6311-7171
2720,718,7,7호선,지하철7호선,10,먹골,먹골,먹골,墨谷,Meokgol,モッコル,37.610637,127.077725,11070,중랑구,서울특별시 중랑구 동일로 지하901(묵동),서울특별시 중랑구 묵동 189-5 먹골역(7호선),02-6311-7181
2721,719,7,7호선,지하철7호선,11,중화,중화,中和,中和,Junghwa,チュンファ,37.602545,127.079264,11070,중랑구,서울특별시 중랑구 동일로 지하797(중화동),서울특별시 중랑구 중화동 50-3 중화역(7호선),02-6311-7191
2722,720,7,7호선,지하철7호선,12,상봉(시외버스터미널),상봉|시외버스터미널,上鳳(市外버스터미널),上凤(市外巴士客运站),Sangbong(Intercity Bus Terminal),サンボン  ,37.596362,127.085032,11070,중랑구,서울특별시 중랑구 망우로 297(상봉동),서울특별시 중랑구 상봉동 100-9 상봉역(7호선),02-6311-7201
2723,721,7,7호선,지하철7호선,13,면목,면목,面牧,面牧,Myeonmok,ミョンモク,37.588579,127.087503,11070,중랑구,서울특별시 중랑구 면목로 지하407(면목동),서울특별시 중랑구 면목동 282-6 면목역(7호선),02-6311-7211
2724,722,7,7호선,지하철7호선,14,사가정,사가정,四佳亭,四佳亭,Sagajeong,サガジョン,37.580894,127.088478,11070,중랑구,서울특별시 중랑구 사가정로 지하393(면목동),서울특별시 중랑구 면목동 495 사가정역(7호선),02-6311-7221
2725,723,7,7호선,지하철7호선,15,용마산(용마폭포공원),용마산|용마폭포공원,龍馬山(龍馬瀑布公園),龙马山(龙马瀑布公園),Yongmasan(Yongma Falls Park),ヨンマサン(ヨンマポクポ公園),37.573647,127.086727,11070,중랑구,서울특별시 중랑구 용마산로 지하227(면목동),서울특별시 중랑구 면목동 1316-5 용마산역(7호선),02-6311-7231
2726,724,7,7호선,지하철7호선,16,중곡,중곡,中谷,中谷,Junggok,チュンゴク,37.565923,127.08432,11050,광진구,서울특별시 광진구 능동로 지하417(중곡동),서울특별시 광진구 중곡동 273-2 7호선 중곡역(7호선),02-6311-7241
2727,725,7,7호선,지하철7호선,17,군자(능동),군자|능동,君子(陵洞),君子(陵洞),Gunja(Neung-dong),クンジャ,37.557121,127.079542,11050,광진구,서울특별시 광진구 천호대로 지하550(능동),서울특별시 광진구 능동 275-5 군자(능동)역(7호선),02-6311-5441
2728,726,7,7호선,지하철7호선,18,어린이대공원(세종대),어린이대공원|세종대,어린이大公園(世宗大),儿童大公园(世宗大学),Children's Grand Park(Sejong Univ.),オリニ・テゴンウォン,37.548014,127.074658,11050,광진구,서울특별시 광진구 능동로 지하210(화양동),서울특별시 광진구 화양동 164-1 어린이대공원역(7호선),02-6311-7261
2729,727,7,7호선,지하철7호선,19,건대입구,건대입구,建大入口,建国大学,Konkuk Univ.,コンデイック,37.540693,127.07023,11050,광진구,서울특별시 광진구 능동로 지하110(화양동),서울특별시 광진구 화양동 6-3 건대입구역(7호선),02-6311-7271
2730,728,7,7호선,지하철7호선,20,뚝섬유원지,뚝섬유원지,뚝섬遊園地,纛岛游园地,Ttukseom Park,トゥッソム・ユウォンジ,37.53154,127.066704,11050,광진구,서울특별시 광진구 능동로 10(자양동),서울특별시 광진구 자양동 73-2 뚝섬유원지역(7호선),02-6311-7281
2731,729,7,7호선,지하철7호선,21,청담,청담,淸潭,清潭,Cheongdam,チョンダム,37.519365,127.05335,11230,강남구,서울특별시 강남구 학동로 지하508(청담동),서울특별시 강남구 청담동 77-76 청담역(7호선),02-6311-7291
2732,730,7,7호선,지하철7호선,22,강남구청,강남구청,江南區廳,江南区厅,Gangnam-gu Office,カンナムグチョン,37.517186,127.04128,11230,강남구,서울특별시 강남구 학동로 지하346(삼성동),서울특별시 강남구 삼성동 111-44 강남구청역(7호선),02-6311-7301
2733,731,7,7호선,지하철7호선,23,학동,학동,鶴洞,鹤洞,Hak-dong,ハクトン,37.514229,127.031656,11230,강남구,서울특별시 강남구 학동로 지하180(논현동),서울특별시 강남구 논현동 279-67 학동역(7호선),02-6311-7311
2734,732,7,7호선,지하철7호선,24,논현,논현,論峴,论岘,Nonhyeon,ノンヒョン,37.511093,127.021415,11230,강남구,서울특별시 강남구 학동로 지하102(논현동),서울특별시 강남구 논현동 279-67 논현역(7호선),02-6311-7321
2735,733,7,7호선,지하철7호선,25,반포,반포,盤浦,盘浦,Banpo,パンポ,37.508178,127.011727,11220,서초구,서울특별시 서초구 신반포로 지하241(잠원동),서울특별시 서초구 잠원동 103 반포역(7호선),02-6311-7331
2736,734,7,7호선,지하철7호선,26,고속터미널,고속터미널,高速터미널,高速巴士客运站,Express Bus Terminal,コソクターミナル,37.50481,127.004943,11220,서초구,서울특별시 서초구 신반포로 지하188(반포동),서울특별시 서초구 반포동 19-11 고속터미널역(7호선),02-6311-7341
2737,735,7,7호선,지하철7호선,27,내방,내방,內方,內方,Naebang,ネバン,37.487618,126.993513,11220,서초구,서울특별시 서초구 서초대로 지하103(방배동),서울특별시 서초구 방배동 874-16 내방역(7호선),02-6311-7351
2738,736,7,7호선,지하철7호선,28,이수,이수,梨水,梨水,Isu,イス,37.486263,126.981989,11200,동작구,서울특별시 동작구 사당로 지하310(사당동),서울특별시 동작구 사당동 144-4 이수역(7호선),02-6311-7361
2739,737,7,7호선,지하철7호선,29,남성,남성,南城,南城,Namseong,ナムソン,37.484596,126.971251,11200,동작구,서울특별시 동작구 사당로 지하218(사당동),서울특별시 동작구 사당동 산25-33 남성역(7호선),02-6311-7371
2740,738,7,7호선,지하철7호선,30,숭실대입구(살피재),숭실대입구|살피재,崇實大入口(살피재),崇实大学(赛毗岭),Soongsil Univ.(Salpijae),スンシルデイック,37.496029,126.953822,11200,동작구,서울특별시 동작구 상도로 지하378(상도동),서울특별시 동작구 상도동 514 숭실대입구역(7호선),02-6311-7381
2741,739,7,7호선,지하철7호선,31,상도,상도,上道,上道,Sangdo,サンド,37.502834,126.94791,11200,동작구,서울특별시 동작구 상도로 지하272(상도1동),서울특별시 동작구 상도1동 702-1 상도역(중대입구역)(7호선),02-6311-7391
2742,740,7,7호선,지하철7호선,32,장승배기,장승배기,장승배기,长丞拜基,Jangseungbaegi,チャンスンベギ,37.504898,126.93915,11200,동작구,서울특별시 동작구 상도로 지하188(상도동),서울특별시 동작구 상도동 26-20 장승배기역(7호선),02-6311-7401
2743,741,7,7호선,지하철7호선,33,신대방삼거리,신대방삼거리,新大方삼거리,新大方丁字路口,Sindaebangsamgeori,シンデバンサムゴリ,37.499701,126.928276,11200,동작구,서울특별시 동작구 상도로 지하76(대방동),서울특별시 동작구 대방동 406-10 신대방삼거리역(7호선),02-6311-7411
2744,742,7,7호선,지하철7호선,34,보라매,보라매,보라매,波拉美,Boramae,ポラメ,37.499872,126.920428,11200,동작구,서울특별시 동작구 상도로 지하2(대방동),서울특별시 동작구 대방동 466-51 보라매역(7호선),02-6311-7421
2745,743,7,7호선,지하철7호선,35,신풍,신풍,新豊,新丰,Sinpung,シンプン,37.50008,126.90993,11190,영등포구,서울특별시 영등포구 신풍로 지하27(신길동),서울특별시 영등포구 신길동 3599 신풍역(7호선),02-6311-7431
2746,744,7,7호선,지하철7호선,36,대림(구로구청),대림|구로구청,大林(九老區廳),大林(九老区厅),Daerim(Guro-gu Office),テリム,37.49297,126.895801,11190,영등포구,서울특별시 영등포구 도림로 지하137(대림동),서울특별시 영등포구 대림동 1050-17 대림역(7호선),02-6311-7441
2747,745,7,7호선,지하철7호선,37,남구로,남구로,南九老,南九老,Namguro,ナムグロ,37.486056,126.887249,11170,구로구,서울특별시 구로구 도림로 지하7(구로동),서울특별시 구로구 구로동 801-95 남구로역(7호선),02-6311-7451
2748,746,7,7호선,지하철7호선,38,가산디지털단지,가산디지털단지,加山디지털團地,加山数码园区,Gasan Digital Complex,カサン・デジタルダンジ,37.481072,126.882343,11180,금천구,서울특별시 금천구 벚꽃로 309(가산동),서울특별시 금천구 가산동 468-4 가산디지털단지역(7호선),02-6311-7461
2749,747,7,7호선,지하철7호선,39,철산,철산,鐵山,铁山,Cheolsan,チョルサン,37.47605,126.867911,31060,광명시,경기도 광명시 철산로 지하13(철산동),경기도 광명시 철산동 526 철산역(7호선),02-6311-7471
2750,748,7,7호선,지하철7호선,40,광명사거리,광명사거리,光明사거리,光明十字路口,Gwangmyeongsageori,クァンミョンサゴリ,37.479252,126.854876,31060,광명시,경기도 광명시 오리로 지하980(광명동),경기도 광명시 광명동 158-211 광명사거리역(7호선),02-6311-7481
2751,749,7,7호선,지하철7호선,41,천왕,천왕,天旺,天旺,Cheonwang,チョヌァン,37.486637,126.838713,11170,구로구,서울특별시 구로구 오리로 지하1154(천왕동),서울특별시 구로구 천왕동 14-25 천왕역(7호선),02-6311-7491
2752,750,7,7호선,지하철7호선,42,온수(성공회대입구),온수|성공회대입구,溫水(聖公會大入口),温水(圣公会大学),Onsu(Sungkonghoe Univ.),オンス,37.492258,126.823388,11170,구로구,서울특별시 구로구 경인로3길 지하64(온수동),서울특별시 구로구 온수동 119 온수역(7호선),02-6311-7501
2753,751,7,7호선,지하철7호선,43,까치울,까치울,까치울,喜鹊屋,Kkachiul,カチウル,37.506207,126.810939,31050,부천시,경기도 부천시 길주로 지하626(춘의동),경기도 부천시 춘의동 3-1 까치울역(7호선),032-451-1303
2754,752,7,7호선,지하철7호선,44,부천종합운동장,부천종합운동장,富川綜合運動場,富川综合运动场,Bucheon Stadium,プチョン・チョンハブンドンジャン,37.50538,126.797337,31050,부천시,경기도 부천시 길주로 지하502(춘의동),경기도 부천시 춘의동 15-1 부천종합운동장역(7호선),032-451-1313
2755,753,7,7호선,지하철7호선,45,춘의,춘의,春衣,春衣,Chunui,チュニ,37.503663,126.787036,31050,부천시,경기도 부천시 길주로 지하406(춘의동),경기도 부천시 춘의동 145 춘의역(7호선),032-451-1323
2756,754,7,7호선,지하철7호선,46,신중동,신중동,新中洞,新中洞,Shinjung-dong,シンジュンドン,37.503048,126.77596,31050,부천시,경기도 부천시 길주로 지하314(중동),경기도 부천시 길주로 중동 1140-6 신중동역(7호선),032-451-1333
2757,755,7,7호선,지하철7호선,47,부천시청,부천시청,富川市廳,富川市厅,Bucheon City Hall,プチョンシチョン,37.504631,126.763538,31050,부천시,경기도 부천시 길주로 지하202(중동),경기도 부천시 중동 1243 부천시청역(7호선),032-451-1343
2758,756,7,7호선,지하철7호선,48,상동,상동,上洞,上洞,Sang-dong,サンドン,37.505781,126.753083,31050,부천시,경기도 부천시 길주로 지하104(상동),경기도 부천시 상동 633 상동역(7호선),032-451-1353
2759,757,7,7호선,지하철7호선,49,삼산체육관,삼산체육관,三山體育館,三山体育馆,Samsan Gymnasium,サムサン・チェユックァン,37.506411,126.742153,31050,부천시,경기도 부천시 길주로 지하713(삼산동),경기도 부천시 삼산동 466 삼산체육관역(7호선),032-451-1363
2760,758,7,7호선,지하철7호선,50,굴포천,굴포천,掘浦川,掘浦川,Gulpocheon,クルポチョン,37.506997,126.73128,23060,부평구,인천시 부평구 길주로 지하623(삼산동),인천시 부평구 삼산동 466 굴포천역(7호선),032-451-1373
2761,759,7,7호선,지하철7호선,51,부평구청,부평구청,富平區廳,富平区厅,Bupyeong-gu Office,プピョングチョン,37.508336,126.720548,23060,부평구,인천시 부평구 길주로 지하527(갈산동),인천시 부평구 갈산동 193-45 부평구청역(7호선),032-451-1383
2811,810,8,8호선,지하철8호선,1,암사,암사,岩寺,岩寺,Amsa,アムサ,37.55021,127.127562,11250,강동구,서울특별시 강동구 올림픽로 지하776(암사동),서울특별시 강동구 암사동 501 암사역(8호선),02-6311-8101
2812,811,8,8호선,지하철8호선,2,천호(풍납토성),천호|풍납토성,千戶(風納土城),千戶(风纳土城),Cheonho(Pungnaptoseong),チョンホ,37.538397,127.123572,11250,강동구,서울특별시 강동구 천호대로 지하997(천호동),서울특별시 강동구 천호동 455 천호역(8호선),02-6311-5471
2813,812,8,8호선,지하철8호선,3,강동구청,강동구청,江東區廳,江东区厅,Gangdong-gu Office,カンドングチョン,37.530341,127.120508,11250,강동구,서울특별시 강동구 올림픽로 지하550(성내동),서울특별시 강동구 성내동 319 강동구청역(8호선),02-6311-8121
2814,813,8,8호선,지하철8호선,4,몽촌토성(평화의문),몽촌토성|평화의문,夢村土城(平和의門),梦村土城(和平之门),Mongchontoseong(World Peace Gate),モンチョントソン,37.517409,127.112359,11240,송파구,서울특별시 송파구 올림픽로 지하383(신천동),서울특별시 송파구 신천동 19 몽촌토성역(8호선),02-6311-8131
2815,814,8,8호선,지하철8호선,5,잠실(송파구청),잠실|송파구청,蠶室(松坡區廳),蚕室(松坡区厅),Jamsil(Songpa-gu Office),チャムシル,37.51395,127.102234,11240,송파구,서울특별시 송파구 올림픽로 305(신천동),서울특별시 송파구 신천동 7-4 잠실역(8호선),02-6311-8141
2816,815,8,8호선,지하철8호선,6,석촌,석촌,石村,石村,Seokchon,ソクチョン,37.505431,127.106979,11240,송파구,서울특별시 송파구 송파대로 지하439(석촌동),서울특별시 송파구 석촌동 209 석촌역(8호선),02-6311-8151
2817,816,8,8호선,지하철8호선,7,송파,송파,松坡,松坡,Songpa,ソンパ,37.499703,127.112183,11240,송파구,서울특별시 송파구 송파대로 지하354(가락동),서울특별시 송파구 가락동 459-4 송파역(8호선),02-6311-8161
2818,817,8,8호선,지하철8호선,8,가락시장,가락시장,可樂市場,可乐市场,Garak Market,カラク・シジャン,37.492522,127.118234,11240,송파구,서울특별시 송파구 송파대로 지하257(가락동),서울특별시 송파구 가락동 184-23 가락시장역(8호선),02-6311-8171
2819,818,8,8호선,지하철8호선,9,문정,문정,文井,文井,Munjeong,ムンジョン,37.485855,127.1225,11240,송파구,서울특별시 송파구 송파대로 지하179(문정동),서울특별시 송파구 문정동 119-4 문정역(8호선),02-6311-8181
2820,819,8,8호선,지하철8호선,10,장지,장지,長旨,长旨,Jangji,チャンジ,37.478703,127.126191,11240,송파구,서울특별시 송파구 송파대로 지하82(장지동),서울특별시 송파구 장지동 201-5 장지역(8호선),02-6311-8191
2821,820,8,8호선,지하철8호선,11,복정,복정,福井,福井,Bokjeong,ポクチョン,37.470047,127.126662,11240,송파구,서울특별시 송파구 송파대로 지하6(장지동),서울특별시 송파구 장지동 596-21 복정역(8호선),02-6311-8201
2828,821,8,8호선,지하철8호선,12,남위례,남위례,南慰禮,南慰礼,Namwirye,ナムィレ,37.46317,127.139526,31021,성남시수정구,경기도 성남시 수정구 공원로 601(복정동),경기도 성남시 수정구 복정동 57 남위례역(8호선),02-6311-8211
2822,822,8,8호선,지하철8호선,13,산성,산성,山城,山城,Sanseong,サンソン,37.457122,127.149908,31021,성남시수정구,경기도 성남시 수정구 수정로 지하365(신흥동),경기도 성남시 수정구 신흥동 7 산성역(8호선),02-6311-8221
2823,823,8,8호선,지하철8호선,14,남한산성입구(성남법원.검찰청),남한산성입구|성남법원|검찰청,南漢山城入口(城南法院檢察廳) ,南汉山城(城南法院·检察厅),Namhansanseong(Seongnam Court & Prosecutors' Office),ナムハンサンソンイック,37.451535,127.159816,31021,성남시수정구,경기도 성남시 수정구 산성대로 지하445(단대동),경기도 성남시 수정구 단대동 96 남한산성입구역(8호선),02-6311-8231
2824,824,8,8호선,지하철8호선,15,단대오거리,단대오거리,丹垈오거리,丹垈五岔路口,Dandaeogeori,タンデオゴリ,37.44521,127.156866,31021,성남시수정구,경기도 성남시 수정구 산성대로 지하365(신흥동),경기도 성남시 수정구 신흥동 2467 단대오거리역(8호선),02-6311-8241
2825,825,8,8호선,지하철8호선,16,신흥,신흥,新興,新兴,Sinheung,シンフン,37.440918,127.147564,31021,성남시수정구,경기도 성남시 수정구 산성대로 지하280(신흥동),경기도 성남시 수정구 신흥동 2467 신흥역(8호선),02-6311-8251
2826,826,8,8호선,지하철8호선,17,수진,수진,壽進,寿进,Sujin,スジン,37.437428,127.140722,31021,성남시수정구,경기도 성남시 수정구 산성대로 지하200(수진동),경기도 성남시 수정구 수진동 2205-1 수진역(8호선),02-6311-8261
2827,827,8,8호선,지하철8호선,18,모란,모란,牡丹,牡丹,Moran,モラン,37.43213,127.129087,31021,성남시수정구,경기도 성남시 수정구 산성대로 지하100(수진동),경기도 성남시 수정구 수진동 4518 모란역(8호선),02-6311-8271