submission_date,state,tot_cases,conf_cases,prob_cases,new_case,pnew_case,tot_death,conf_death,prob_death,new_death,pnew_death,created_at,consent_cases,consent_deaths
10/26/2021,HI,80876,,,69,10,883,,,0,0,10/27/2021 02:21:35 PM,Not agree,Not agree
06/17/2021,HI,35862,,,31,0,504,,,0,0,06/18/2021 01:48:26 PM,Not agree,Not agree
12/30/2021,HI,106350,,,3425,368,1074,,,0,0,12/31/2021 02:32:16 PM,Not agree,Not agree
11/12/2020,HI,16171,,,94,0,221,,,0,0,11/13/2020 02:54:34 PM,Not agree,Not agree
06/15/2021,HI,35802,,,33,5,503,,,0,0,06/16/2021 03:10:20 PM,Not agree,Not agree
11/10/2020,HI,15961,,,69,0,221,,,1,0,11/11/2020 03:15:25 PM,Not agree,Not agree
10/10/2020,HI,13371,,,108,0,168,,,2,0,10/11/2020 01:47:22 PM,Not agree,Not agree
07/23/2021,HI,38499,,,215,5,524,,,0,0,07/24/2021 02:21:11 PM,Not agree,Not agree
04/26/2022,HI,238763,,,0,0,1395,,,0,0,04/27/2022 01:16:30 PM,Not agree,Not agree
03/20/2020,HI,49,,,10,0,0,,,0,,03/26/2020 12:22:39 PM,Not agree,Not agree
10/06/2020,HI,13009,,,109,0,160,,,3,0,10/07/2020 09:45:01 AM,Not agree,Not agree
08/08/2021,HI,44609,,,632,25,539,,,0,0,08/09/2021 02:44:15 PM,Not agree,Not agree
06/06/2020,HI,662,,,1,0,17,,,0,0,06/07/2020 10:23:35 AM,Not agree,Not agree
08/13/2020,HI,4512,,,232,0,38,,,0,0,08/14/2020 10:30:03 AM,Not agree,Not agree
05/15/2022,HI,251759,,,0,0,1422,,,0,0,05/16/2022 02:11:38 PM,Not agree,Not agree
08/29/2021,HI,60094,,,1658,98,586,,,2,0,08/30/2021 02:26:22 PM,Not agree,Not agree
07/21/2022,HI,313805,,,0,0,1536,,,0,0,07/22/2022 01:17:16 PM,Not agree,Not agree
08/20/2020,HI,6048,,,230,0,45,,,2,0,08/21/2020 10:27:34 AM,Not agree,Not agree
09/25/2021,HI,75391,,,394,7,742,,,0,0,09/27/2021 01:21:43 PM,Not agree,Not agree
04/17/2020,HI,564,,,20,0,9,,,0,,04/17/2020 12:22:39 PM,Not agree,Not agree
06/02/2020,HI,646,,,1,0,17,,,0,0,06/03/2020 10:11:36 AM,Not agree,Not agree
09/04/2020,HI,9655,,,219,0,81,,,2,0,09/05/2020 10:09:45 AM,Not agree,Not agree
07/08/2020,HI,1109,,,34,0,19,,,0,0,07/09/2020 11:14:15 AM,Not agree,Not agree
04/28/2020,HI,602,,,4,0,16,,,0,0,04/29/2020 02:12:08 PM,Not agree,Not agree
10/13/2020,HI,13538,,,61,0,173,,,4,0,10/14/2020 01:28:39 PM,Not agree,Not agree
10/28/2021,HI,81168,,,117,-4,886,,,2,0,10/29/2021 02:10:26 PM,Not agree,Not agree
05/26/2022,HI,267602,,,0,0,1439,,,0,0,05/27/2022 01:29:41 PM,Not agree,Not agree
07/02/2021,HI,36508,,,73,11,515,,,0,0,07/03/2021 01:44:06 PM,Not agree,Not agree
08/13/2021,HI,47612,,,1149,6,544,,,1,0,08/14/2021 02:46:52 PM,Not agree,Not agree
07/17/2022,HI,309561,,,0,0,1523,,,0,0,07/18/2022 01:37:41 PM,Not agree,Not agree
03/30/2022,HI,234659,,,1090,239,1367,,,6,0,03/31/2022 02:49:40 PM,Not agree,Not agree
02/28/2022,HI,230458,,,361,62,1322,,,4,0,03/01/2022 03:28:54 PM,Not agree,Not agree
12/01/2021,HI,84848,,,88,26,1015,,,8,0,12/02/2021 02:35:20 PM,Not agree,Not agree
08/23/2020,HI,6744,,,169,0,47,,,0,0,08/24/2020 09:54:34 AM,Not agree,Not agree
01/13/2022,HI,152811,,,3351,44,1103,,,4,0,01/14/2022 02:51:43 PM,Not agree,Not agree
11/05/2021,HI,82071,,,111,13,936,,,12,0,11/06/2021 01:17:26 PM,Not agree,Not agree
12/24/2020,HI,20309,,,125,0,283,,,0,0,12/25/2020 02:25:34 PM,Not agree,Not agree
07/12/2022,HI,305348,,,0,0,1512,,,0,0,07/13/2022 01:20:19 PM,Not agree,Not agree
09/08/2021,HI,66925,,,371,-1,622,,,0,0,09/09/2021 02:36:12 PM,Not agree,Not agree
10/26/2020,HI,14653,,,35,0,211,,,0,0,10/27/2020 01:47:53 PM,Not agree,Not agree
12/29/2021,HI,102925,,,1554,127,1074,,,3,0,12/30/2021 02:41:22 PM,Not agree,Not agree
11/18/2021,HI,83486,,,216,93,981,,,7,0,11/19/2021 03:04:49 PM,Not agree,Not agree
07/05/2022,HI,301246,,,0,0,1492,,,0,0,07/06/2022 01:26:32 PM,Not agree,Not agree
08/17/2020,HI,5322,,,134,0,40,,,0,0,08/18/2020 10:26:55 AM,Not agree,Not agree
04/19/2022,HI,237097,,,0,0,1378,,,0,0,04/20/2022 01:32:06 PM,Not agree,Not agree
05/24/2021,HI,34688,,,34,-5,493,,,0,0,05/25/2021 02:17:06 PM,Not agree,Not agree
05/06/2020,HI,617,,,2,0,17,,,0,0,05/07/2020 06:59:02 PM,Not agree,Not agree
06/25/2020,HI,849,,,16,0,17,,,0,0,06/26/2020 03:18:27 PM,Not agree,Not agree
01/31/2020,HI,0,,,0,,0,,,0,,03/26/2020 04:22:39 PM,Not agree,Not agree
05/19/2021,HI,34395,,,95,41,489,,,0,0,05/20/2021 03:08:06 PM,Not agree,Not agree
08/14/2021,HI,48376,,,764,16,545,,,1,0,08/16/2021 12:55:48 PM,Not agree,Not agree
02/18/2022,HI,228073,,,471,54,1280,,,2,0,02/19/2022 02:20:06 PM,Not agree,Not agree
02/06/2022,HI,221173,,,898,109,1214,,,4,0,02/07/2022 03:36:42 PM,Not agree,Not agree
11/15/2020,HI,16379,,,0,0,221,,,0,0,11/16/2020 06:40:02 PM,Not agree,Not agree
05/05/2020,HI,615,,,1,0,17,,,0,0,05/06/2020 12:23:08 PM,Not agree,Not agree
03/22/2022,HI,232845,,,0,0,1356,,,0,0,03/23/2022 03:04:18 PM,Not agree,Not agree
05/25/2020,HI,636,,,0,0,17,,,0,0,05/25/2020 12:00:00 AM,Not agree,Not agree
07/30/2020,HI,2085,,,122,0,26,,,0,0,07/31/2020 10:35:06 AM,Not agree,Not agree
09/27/2020,HI,12167,,,90,0,131,,,0,0,09/28/2020 09:50:59 AM,Not agree,Not agree
11/08/2020,HI,15834,,,127,0,220,,,1,0,11/09/2020 02:38:54 PM,Not agree,Not agree
08/28/2021,HI,58436,,,927,14,584,,,5,0,08/30/2021 12:49:04 PM,Not agree,Not agree
03/05/2022,HI,231222,,,0,0,1336,,,0,0,03/07/2022 01:47:14 PM,Not agree,Not agree
09/24/2020,HI,11855,,,111,0,124,,,2,0,09/25/2020 09:54:10 AM,Not agree,Not agree
05/17/2021,HI,34247,,,67,0,489,,,0,0,05/18/2021 02:26:44 PM,Not agree,Not agree
11/11/2021,HI,82710,,,128,23,961,,,3,0,11/12/2021 05:03:41 PM,Not agree,Not agree
07/29/2021,HI,39624,,,232,14,531,,,2,0,07/30/2021 02:36:41 PM,Not agree,Not agree
07/16/2022,HI,309561,,,0,0,1523,,,0,0,07/18/2022 01:03:55 PM,Not agree,Not agree
07/13/2020,HI,1239,,,22,0,22,,,3,0,07/14/2020 11:13:07 AM,Not agree,Not agree
08/23/2021,HI,54608,,,570,7,561,,,0,0,08/24/2021 02:24:26 PM,Not agree,Not agree
07/11/2021,HI,37025,,,91,5,518,,,0,0,07/12/2021 02:22:55 PM,Not agree,Not agree
03/25/2022,HI,233569,,,0,0,1361,,,0,0,03/26/2022 01:34:52 PM,Not agree,Not agree
05/11/2021,HI,33723,,,58,0,485,,,0,0,05/12/2021 02:33:56 PM,Not agree,Not agree
12/27/2021,HI,100559,,,3537,735,1071,,,0,0,12/28/2021 05:00:54 PM,Not agree,Not agree
05/31/2022,HI,267602,,,0,0,1439,,,0,0,06/01/2022 01:35:39 PM,Not agree,Not agree
10/27/2021,HI,81051,,,175,18,884,,,1,0,10/28/2021 02:08:30 PM,Not agree,Not agree
04/04/2020,HI,388,,,15,0,4,,,1,,04/03/2020 12:22:39 PM,Not agree,Not agree
04/26/2021,HI,32349,,,65,0,475,,,0,0,04/27/2021 01:56:18 PM,Not agree,Not agree
07/30/2021,HI,40176,,,552,33,534,,,3,0,07/31/2021 01:56:41 PM,Not agree,Not agree
09/09/2021,HI,67346,,,421,37,629,,,7,0,09/10/2021 02:35:13 PM,Not agree,Not agree
07/08/2022,HI,305348,,,0,0,1512,,,0,0,07/09/2022 01:19:19 PM,Not agree,Not agree
08/05/2021,HI,42770,,,635,33,535,,,0,0,08/06/2021 02:53:58 PM,Not agree,Not agree
11/27/2021,HI,84466,,,132,-3,1004,,,0,0,11/29/2021 01:20:44 PM,Not agree,Not agree
03/17/2021,HI,28423,,,66,0,448,,,0,0,03/18/2021 02:01:55 PM,Not agree,Not agree
06/18/2022,HI,290652,,,0,0,1462,,,0,0,06/20/2022 12:19:49 PM,Not agree,Not agree
01/16/2022,HI,165622,,,3856,153,1115,,,3,0,01/17/2022 03:24:48 PM,Not agree,Not agree
11/27/2020,HI,17498,,,83,0,238,,,3,0,11/28/2020 02:46:47 PM,Not agree,Not agree
06/12/2021,HI,35693,,,98,3,503,,,0,0,06/13/2021 01:40:53 PM,Not agree,Not agree
12/21/2021,HI,91202,,,692,158,1061,,,0,0,12/22/2021 02:47:22 PM,Not agree,Not agree
04/30/2021,HI,32694,,,114,0,480,,,0,0,05/01/2021 01:43:22 PM,Not agree,Not agree
04/02/2021,HI,30017,,,129,0,460,,,0,0,04/03/2021 01:51:09 PM,Not agree,Not agree
05/30/2020,HI,644,,,0,0,17,,,0,0,05/30/2020 12:00:00 AM,Not agree,Not agree
01/23/2020,HI,0,,,0,,0,,,0,,03/26/2020 04:22:39 PM,Not agree,Not agree
08/31/2021,HI,61353,,,545,4,586,,,0,0,09/01/2021 02:27:14 PM,Not agree,Not agree
02/20/2020,HI,0,,,0,,0,,,0,,03/26/2020 04:22:39 PM,Not agree,Not agree
04/25/2020,HI,596,,,2,0,14,,,1,0,05/25/2020 11:38:40 AM,Not agree,Not agree
11/02/2021,HI,81689,,,39,4,908,,,0,0,11/03/2021 01:51:46 PM,Not agree,Not agree
06/26/2021,HI,36251,,,53,1,513,,,2,0,06/28/2021 01:23:06 PM,Not agree,Not agree
07/22/2020,HI,1463,,,54,0,25,,,1,0,07/23/2020 10:48:19 AM,Not agree,Not agree
04/08/2021,HI,30673,,,121,0,467,,,3,0,04/09/2021 02:11:49 PM,Not agree,Not agree
02/09/2021,HI,26456,,,28,0,415,,,0,0,02/10/2021 02:52:16 PM,Not agree,Not agree
10/31/2020,HI,14995,,,62,0,218,,,3,0,11/01/2020 03:03:08 PM,Not agree,Not agree
06/29/2020,HI,901,,,18,0,18,,,0,0,06/30/2020 11:27:33 AM,Not agree,Not agree
11/14/2020,HI,16379,,,105,0,221,,,0,0,11/15/2020 03:12:13 PM,Not agree,Not agree
11/14/2021,HI,82986,,,72,14,967,,,1,0,11/15/2021 03:24:41 PM,Not agree,Not agree
12/22/2020,HI,20089,,,64,0,280,,,0,0,12/23/2020 02:36:58 PM,Not agree,Not agree
10/23/2020,HI,14412,,,128,0,209,,,3,0,10/24/2020 01:26:44 PM,Not agree,Not agree
02/12/2022,HI,225523,,,690,161,1246,,,11,0,02/14/2022 02:00:44 PM,Not agree,Not agree
07/31/2020,HI,2172,,,87,0,26,,,0,0,08/01/2020 10:38:12 AM,Not agree,Not agree
05/02/2022,HI,241955,,,0,0,1406,,,0,0,05/03/2022 01:21:33 PM,Not agree,Not agree
05/14/2021,HI,33915,,,80,0,487,,,1,0,05/15/2021 01:54:58 PM,Not agree,Not agree
12/07/2021,HI,85464,,,51,15,1022,,,0,0,12/08/2021 03:02:11 PM,Not agree,Not agree
03/10/2022,HI,231844,,,0,0,1342,,,0,0,03/11/2022 03:18:11 PM,Not agree,Not agree
02/13/2020,HI,0,,,0,,0,,,0,,03/26/2020 04:22:39 PM,Not agree,Not agree
06/10/2022,HI,283574,,,0,0,1453,,,0,0,06/11/2022 01:22:12 PM,Not agree,Not agree
10/18/2021,HI,79941,,,109,14,871,,,4,0,10/19/2021 03:01:15 PM,Not agree,Not agree
05/21/2021,HI,34521,,,47,-1,491,,,2,0,05/22/2021 06:59:37 PM,Not agree,Not agree
11/29/2021,HI,84685,,,70,10,1007,,,0,0,11/30/2021 03:29:21 PM,Not agree,Not agree
03/28/2020,HI,199,,,28,0,0,,,0,,03/28/2020 12:22:39 PM,Not agree,Not agree
02/02/2021,HI,25932,,,62,0,407,,,0,0,02/03/2021 02:55:58 PM,Not agree,Not agree
12/24/2021,HI,95454,,,1808,395,1067,,,1,0,12/25/2021 02:11:33 PM,Not agree,Not agree
01/24/2021,HI,25093,,,143,0,339,,,6,0,01/25/2021 02:42:40 PM,Not agree,Not agree
11/19/2020,HI,16677,,,100,0,222,,,0,0,11/20/2020 03:06:16 PM,Not agree,Not agree
02/27/2022,HI,230097,,,0,0,1318,,,0,0,02/28/2022 02:56:19 PM,Not agree,Not agree
10/23/2021,HI,80569,,,170,21,880,,,2,0,10/25/2021 03:25:56 PM,Not agree,Not agree
08/31/2020,HI,8622,,,179,0,70,,,7,0,09/01/2020 10:09:34 AM,Not agree,Not agree
12/10/2020,HI,18586,,,116,0,266,,,2,0,12/11/2020 03:06:51 PM,Not agree,Not agree
01/10/2021,HI,22778,,,178,0,306,,,1,0,01/11/2021 03:01:02 PM,Not agree,Not agree
06/13/2021,HI,35723,,,30,3,503,,,0,0,06/14/2021 03:07:59 PM,Not agree,Not agree
06/28/2021,HI,36314,,,17,-4,513,,,0,0,06/29/2021 02:25:53 PM,Not agree,Not agree
07/25/2020,HI,1655,,,64,0,26,,,0,0,07/26/2020 11:17:16 AM,Not agree,Not agree
06/03/2022,HI,275631,,,0,0,1445,,,0,0,06/04/2022 01:27:07 PM,Not agree,Not agree
06/02/2022,HI,275631,,,0,0,1445,,,0,0,06/03/2022 01:21:31 PM,Not agree,Not agree
06/22/2022,HI,296007,,,5355,1098,1477,,,15,0,06/23/2022 01:25:04 PM,Not agree,Not agree
05/03/2022,HI,241955,,,0,0,1406,,,0,0,05/04/2022 01:36:27 PM,Not agree,Not agree
06/08/2021,HI,35422,,,31,3,502,,,0,0,06/09/2021 02:26:44 PM,Not agree,Not agree
07/03/2020,HI,980,,,24,0,19,,,1,0,07/04/2020 11:30:31 AM,Not agree,Not agree
02/03/2022,HI,217895,,,1483,168,1182,,,3,0,02/04/2022 03:29:18 PM,Not agree,Not agree
05/08/2021,HI,33540,,,123,35,484,,,1,0,05/09/2021 01:43:24 PM,Not agree,Not agree
09/18/2021,HI,72687,,,550,68,697,,,8,0,09/20/2021 12:14:02 PM,Not agree,Not agree
03/25/2021,HI,29120,,,115,0,455,,,1,0,03/26/2021 02:14:54 PM,Not agree,Not agree
05/10/2021,HI,33665,,,52,0,485,,,0,0,05/11/2021 01:53:24 PM,Not agree,Not agree
08/09/2021,HI,45041,,,432,19,540,,,1,0,08/10/2021 03:30:38 PM,Not agree,Not agree
07/02/2022,HI,301246,,,0,0,1492,,,0,0,07/04/2022 12:52:02 PM,Not agree,Not agree
12/23/2020,HI,20184,,,95,0,283,,,3,0,12/24/2020 02:31:20 PM,Not agree,Not agree
05/18/2021,HI,34300,,,53,0,489,,,0,0,05/19/2021 02:37:49 PM,Not agree,Not agree
12/07/2020,HI,18344,,,78,0,260,,,0,0,12/08/2020 02:59:49 PM,Not agree,Not agree
02/20/2022,HI,228735,,,310,63,1292,,,4,0,02/21/2022 08:43:30 PM,Not agree,Not agree
04/04/2021,HI,30338,,,92,0,464,,,0,0,04/05/2021 01:43:02 PM,Not agree,Not agree
06/05/2022,HI,275631,,,0,0,1445,,,0,0,06/06/2022 01:41:22 PM,Not agree,Not agree
08/20/2021,HI,52401,,,836,51,559,,,4,0,08/21/2021 01:25:01 PM,Not agree,Not agree
01/28/2022,HI,208253,,,1848,207,1152,,,5,0,01/29/2022 02:30:49 PM,Not agree,Not agree
07/20/2021,HI,37936,,,97,-1,520,,,0,0,07/21/2021 02:18:34 PM,Not agree,Not agree
06/30/2022,HI,301246,,,0,0,1492,,,0,0,07/01/2022 01:36:08 PM,Not agree,Not agree
09/11/2020,HI,10547,,,127,0,96,,,2,0,09/12/2020 10:12:43 AM,Not agree,Not agree
05/03/2021,HI,33060,,,71,0,481,,,1,0,05/04/2021 02:00:10 PM,Not agree,Not agree
02/28/2021,HI,27473,,,54,0,436,,,0,0,03/01/2021 03:21:38 PM,Not agree,Not agree
01/14/2021,HI,23305,,,164,0,315,,,6,0,01/15/2021 02:46:04 PM,Not agree,Not agree
02/16/2022,HI,226992,,,194,1,1262,,,12,0,02/17/2022 02:53:30 PM,Not agree,Not agree
02/05/2022,HI,220275,,,1216,174,1210,,,18,0,02/07/2022 02:07:42 PM,Not agree,Not agree
05/04/2022,HI,246110,,,4155,1162,1416,,,10,0,05/05/2022 01:33:26 PM,Not agree,Not agree
05/17/2022,HI,251759,,,0,0,1422,,,0,0,05/18/2022 01:45:25 PM,Not agree,Not agree
02/26/2020,HI,0,,,0,,0,,,0,,03/26/2020 04:22:39 PM,Not agree,Not agree
07/29/2020,HI,1963,,,123,0,26,,,0,0,07/30/2020 10:42:43 AM,Not agree,Not agree
09/10/2021,HI,68087,,,741,65,636,,,7,0,09/11/2021 01:20:03 PM,Not agree,Not agree
01/09/2021,HI,22600,,,228,0,305,,,4,0,01/10/2021 04:10:55 PM,Not agree,Not agree
03/27/2022,HI,233569,,,0,0,1361,,,0,0,03/28/2022 02:00:06 PM,Not agree,Not agree
08/25/2020,HI,7234,,,275,0,49,,,0,0,08/26/2020 09:51:40 AM,Not agree,Not agree
06/04/2020,HI,653,,,6,0,17,,,0,0,06/05/2020 11:17:07 AM,Not agree,Not agree
07/18/2022,HI,309561,,,0,0,1523,,,0,0,07/19/2022 01:17:10 PM,Not agree,Not agree
09/29/2021,HI,76457,,,214,24,765,,,13,0,09/30/2021 02:57:48 PM,Not agree,Not agree
10/10/2021,HI,78986,,,200,31,836,,,4,0,10/11/2021 02:09:22 PM,Not agree,Not agree
11/23/2021,HI,84135,,,51,1,991,,,0,0,11/24/2021 03:13:47 PM,Not agree,Not agree
02/05/2021,HI,26192,,,91,0,413,,,0,0,02/06/2021 04:05:17 PM,Not agree,Not agree
03/16/2022,HI,232845,,,1001,320,1356,,,14,0,03/17/2022 02:31:57 PM,Not agree,Not agree
09/01/2020,HI,8961,,,339,0,74,,,4,0,09/02/2020 09:49:48 AM,Not agree,Not agree
12/14/2021,HI,86579,,,207,2,1047,,,0,0,12/15/2021 02:52:52 PM,Not agree,Not agree
10/02/2021,HI,77412,,,269,32,796,,,12,0,10/04/2021 12:47:32 PM,Not agree,Not agree
01/04/2021,HI,21614,,,75,0,287,,,0,0,01/05/2021 03:00:42 PM,Not agree,Not agree
03/15/2021,HI,28312,,,44,0,448,,,0,0,03/16/2021 02:12:32 PM,Not agree,Not agree
08/25/2021,HI,55668,,,503,-39,570,,,8,0,08/26/2021 02:58:37 PM,Not agree,Not agree
10/19/2021,HI,80005,,,64,6,871,,,0,0,10/20/2021 02:03:53 PM,Not agree,Not agree
02/11/2022,HI,224833,,,695,124,1235,,,8,0,02/12/2022 02:17:24 PM,Not agree,Not agree
02/15/2020,HI,0,,,0,,0,,,0,,03/26/2020 04:22:39 PM,Not agree,Not agree
06/28/2020,HI,883,,,2,0,18,,,1,0,06/29/2020 10:37:31 AM,Not agree,Not agree
03/10/2020,HI,2,,,0,0,0,,,0,,03/10/2020 12:00:00 AM,Not agree,Not agree
05/10/2020,HI,622,,,2,0,17,,,0,0,05/11/2020 05:26:08 PM,Not agree,Not agree
04/22/2022,HI,238763,,,0,0,1395,,,0,0,04/23/2022 01:21:45 PM,Not agree,Not agree
09/25/2020,HI,11982,,,127,0,127,,,3,0,09/26/2020 09:46:07 AM,Not agree,Not agree
06/06/2021,HI,35360,,,77,6,502,,,3,0,06/07/2021 02:36:26 PM,Not agree,Not agree
01/09/2022,HI,139262,,,4509,480,1094,,,3,0,01/10/2022 03:08:19 PM,Not agree,Not agree
08/18/2021,HI,50821,,,641,101,551,,,2,0,08/19/2021 03:10:12 PM,Not agree,Not agree
05/22/2020,HI,636,,,1,0,17,,,0,0,05/23/2020 01:58:16 PM,Not agree,Not agree
02/10/2021,HI,26507,,,51,0,420,,,5,0,02/11/2021 02:50:55 PM,Not agree,Not agree
07/03/2022,HI,301246,,,0,0,1492,,,0,0,07/04/2022 01:23:48 PM,Not agree,Not agree
02/12/2021,HI,26652,,,61,0,422,,,1,0,02/13/2021 02:50:08 PM,Not agree,Not agree
02/07/2020,HI,0,,,0,,0,,,0,,03/26/2020 04:22:39 PM,Not agree,Not agree
08/12/2020,HI,4280,,,353,0,38,,,4,0,08/13/2020 10:12:28 AM,Not agree,Not agree
11/28/2021,HI,84615,,,149,50,1007,,,3,0,11/29/2021 02:21:14 PM,Not agree,Not agree
03/26/2022,HI,233569,,,0,0,1361,,,0,0,03/28/2022 01:08:30 PM,Not agree,Not agree
07/01/2020,HI,928,,,20,0,18,,,0,0,07/02/2020 11:10:03 AM,Not agree,Not agree
02/19/2020,HI,0,,,0,,0,,,0,,03/26/2020 04:22:39 PM,Not agree,Not agree
04/01/2022,HI,234659,,,0,0,1367,,,0,0,04/02/2022 01:21:28 PM,Not agree,Not agree
10/03/2021,HI,77688,,,276,29,803,,,7,0,10/04/2021 01:57:57 PM,Not agree,Not agree
02/23/2022,HI,229199,,,116,4,1292,,,0,0,02/24/2022 02:32:28 PM,Not agree,Not agree
12/28/2020,HI,20676,,,45,0,283,,,0,0,12/29/2020 02:56:32 PM,Not agree,Not agree
09/02/2020,HI,9169,,,208,0,75,,,1,0,09/03/2020 10:18:16 AM,Not agree,Not agree
11/02/2020,HI,15147,,,72,0,218,,,0,0,11/03/2020 02:57:05 PM,Not agree,Not agree
07/09/2022,HI,305348,,,0,0,1512,,,0,0,07/11/2022 12:41:41 PM,Not agree,Not agree
12/19/2021,HI,89675,,,958,183,1061,,,2,0,12/20/2021 03:18:49 PM,Not agree,Not agree
12/27/2020,HI,20631,,,94,0,283,,,0,0,12/28/2020 02:42:49 PM,Not agree,Not agree
04/24/2020,HI,594,,,2,0,13,,,1,0,05/25/2020 11:38:40 AM,Not agree,Not agree
03/04/2021,HI,27604,,,55,0,438,,,0,0,03/05/2021 04:11:33 PM,Not agree,Not agree
02/12/2020,HI,0,,,0,,0,,,0,,03/26/2020 04:22:39 PM,Not agree,Not agree
07/05/2021,HI,36646,,,42,0,515,,,0,0,07/06/2021 01:52:24 PM,Not agree,Not agree
05/22/2021,HI,34610,,,89,7,491,,,0,0,05/23/2021 01:37:59 PM,Not agree,Not agree
01/22/2021,HI,24785,,,122,0,329,,,4,0,01/23/2021 02:50:13 PM,Not agree,Not agree
09/21/2021,HI,73841,,,274,2,709,,,0,0,09/22/2021 02:04:47 PM,Not agree,Not agree
07/13/2022,HI,309561,,,4213,946,1523,,,11,0,07/14/2022 01:18:07 PM,Not agree,Not agree
04/14/2020,HI,524,,,11,0,9,,,0,,04/13/2020 12:22:39 PM,Not agree,Not agree
08/04/2021,HI,42135,,,320,27,535,,,0,0,08/05/2021 02:32:13 PM,Not agree,Not agree
10/29/2021,HI,81311,,,143,12,890,,,4,0,10/30/2021 01:29:20 PM,Not agree,Not agree
01/17/2021,HI,23725,,,121,0,319,,,2,0,01/18/2021 02:39:32 PM,Not agree,Not agree
12/20/2021,HI,90510,,,835,136,1061,,,0,0,12/21/2021 05:31:35 PM,Not agree,Not agree
05/02/2020,HI,610,,,3,0,16,,,0,0,05/03/2020 11:36:03 AM,Not agree,Not agree
08/24/2020,HI,6959,,,215,0,49,,,2,0,08/25/2020 10:02:54 AM,Not agree,Not agree
11/05/2020,HI,15471,,,92,0,218,,,0,0,11/06/2020 03:33:41 PM,Not agree,Not agree
04/16/2021,HI,31422,,,85,0,471,,,1,0,04/17/2021 01:58:33 PM,Not agree,Not agree
11/24/2020,HI,17198,,,56,0,231,,,0,0,11/25/2020 02:53:15 PM,Not agree,Not agree
03/11/2021,HI,27998,,,54,0,445,,,0,0,03/12/2021 03:20:13 PM,Not agree,Not agree
01/22/2022,HI,194451,,,3900,622,1131,,,5,0,01/24/2022 02:28:34 PM,Not agree,Not agree
12/04/2020,HI,18058,,,100,0,254,,,10,0,12/05/2020 02:29:17 PM,Not agree,Not agree
04/10/2020,HI,489,,,20,0,8,,,2,,04/09/2020 12:22:39 PM,Not agree,Not agree
02/02/2020,HI,0,,,0,,0,,,0,,03/26/2020 04:22:39 PM,Not agree,Not agree
06/14/2022,HI,283574,,,0,0,1453,,,0,0,06/15/2022 01:42:39 PM,Not agree,Not agree
04/27/2022,HI,241955,,,2501,870,1406,,,11,0,04/28/2022 01:30:29 PM,Not agree,Not agree
02/17/2020,HI,0,,,0,,0,,,0,,03/26/2020 04:22:39 PM,Not agree,Not agree
01/27/2022,HI,206405,,,2320,287,1147,,,10,0,01/28/2022 02:17:23 PM,Not agree,Not agree
12/17/2020,HI,19417,,,136,0,278,,,2,0,12/18/2020 02:45:01 PM,Not agree,Not agree
09/06/2021,HI,66057,,,742,31,622,,,2,0,09/07/2021 03:14:40 PM,Not agree,Not agree
04/08/2022,HI,235797,,,0,0,1370,,,0,0,04/09/2022 01:34:03 PM,Not agree,Not agree
09/30/2021,HI,76784,,,327,45,777,,,12,0,10/01/2021 01:23:39 PM,Not agree,Not agree
03/17/2020,HI,16,,,5,0,0,,,0,,03/26/2020 12:22:39 PM,Not agree,Not agree
06/21/2022,HI,290652,,,0,0,1462,,,0,0,06/22/2022 01:43:28 PM,Not agree,Not agree
01/27/2021,HI,25366,,,94,0,401,,,3,0,01/28/2021 02:49:07 PM,Not agree,Not agree
02/08/2021,HI,26428,,,30,0,415,,,0,,02/09/2021 04:35:13 PM,Not agree,Not agree
03/28/2022,HI,233569,,,0,0,1361,,,0,0,03/29/2022 01:30:11 PM,Not agree,Not agree
10/01/2021,HI,77143,,,359,41,784,,,7,0,10/02/2021 01:37:53 PM,Not agree,Not agree
05/06/2021,HI,33309,,,123,0,483,,,1,0,05/07/2021 01:36:40 PM,Not agree,Not agree
08/06/2020,HI,3088,,,201,0,29,,,2,0,08/07/2020 07:57:59 PM,Not agree,Not agree
12/23/2021,HI,93646,,,1489,262,1066,,,3,0,12/24/2021 02:15:59 PM,Not agree,Not agree
09/22/2020,HI,11654,,,167,0,120,,,0,0,09/23/2020 09:51:22 AM,Not agree,Not agree
04/21/2022,HI,238763,,,0,0,1395,,,0,0,04/22/2022 02:15:21 PM,Not agree,Not agree
10/12/2021,HI,79142,,,49,1,840,,,0,0,10/13/2021 02:39:10 PM,Not agree,Not agree
02/22/2020,HI,0,,,0,,0,,,0,,03/26/2020 04:22:39 PM,Not agree,Not agree
07/10/2022,HI,305348,,,0,0,1512,,,0,0,07/11/2022 01:40:37 PM,Not agree,Not agree
08/15/2021,HI,49205,,,829,67,549,,,4,0,08/16/2021 03:23:49 PM,Not agree,Not agree
07/01/2021,HI,36435,,,44,2,515,,,1,0,07/02/2021 01:55:07 PM,Not agree,Not agree
02/25/2021,HI,27247,,,36,0,432,,,0,0,02/26/2021 03:02:41 PM,Not agree,Not agree
09/16/2021,HI,71570,,,579,31,674,,,8,0,09/17/2021 01:28:36 PM,Not agree,Not agree
03/31/2022,HI,234659,,,0,0,1367,,,0,0,04/01/2022 01:54:34 PM,Not agree,Not agree
11/10/2021,HI,82582,,,128,25,958,,,6,0,11/11/2021 02:27:06 PM,Not agree,Not agree
06/05/2021,HI,35283,,,66,2,499,,,1,0,06/06/2021 01:36:52 PM,Not agree,Not agree
01/31/2021,HI,25786,,,78,0,407,,,3,0,02/01/2021 02:50:29 PM,Not agree,Not agree
08/10/2021,HI,45460,,,419,17,540,,,0,0,08/11/2021 03:30:51 PM,Not agree,Not agree
10/21/2021,HI,80281,,,142,20,875,,,4,0,10/22/2021 02:05:10 PM,Not agree,Not agree
01/28/2021,HI,25460,,,94,0,403,,,2,0,01/29/2021 02:42:19 PM,Not agree,Not agree
02/21/2022,HI,228934,,,199,43,1292,,,0,0,02/22/2022 02:17:25 PM,Not agree,Not agree
05/11/2022,HI,251759,,,5649,1473,1422,,,6,0,05/12/2022 01:16:14 PM,Not agree,Not agree
06/29/2021,HI,36344,,,30,6,513,,,0,0,06/30/2021 02:11:39 PM,Not agree,Not agree
10/05/2021,HI,77963,,,87,10,806,,,0,0,10/06/2021 02:06:06 PM,Not agree,Not agree
08/18/2020,HI,5583,,,261,0,41,,,1,0,08/19/2020 10:23:51 AM,Not agree,Not agree
03/14/2022,HI,231844,,,0,0,1342,,,0,0,03/15/2022 01:23:04 PM,Not agree,Not agree
03/05/2021,HI,27655,,,51,0,440,,,2,0,03/06/2021 03:08:48 PM,Not agree,Not agree
11/15/2021,HI,83079,,,93,14,967,,,0,0,11/16/2021 02:59:01 PM,Not agree,Not agree
12/25/2020,HI,20428,,,119,0,283,,,0,0,12/26/2020 02:34:18 PM,Not agree,Not agree
07/18/2021,HI,37717,,,140,4,520,,,0,0,07/19/2021 02:21:19 PM,Not agree,Not agree
04/05/2020,HI,406,,,18,0,4,,,0,,04/04/2020 12:22:39 PM,Not agree,Not agree
10/07/2020,HI,13110,,,101,0,163,,,3,0,10/08/2020 09:56:57 AM,Not agree,Not agree
11/26/2020,HI,17415,,,117,0,235,,,2,0,11/27/2020 03:07:59 PM,Not agree,Not agree
05/22/2022,HI,258781,,,0,0,1434,,,0,0,05/23/2022 01:52:41 PM,Not agree,Not agree
07/10/2021,HI,36934,,,100,16,518,,,2,0,07/12/2021 01:16:46 PM,Not agree,Not agree
06/09/2022,HI,283574,,,0,0,1453,,,0,0,06/10/2022 01:14:48 PM,Not agree,Not agree
04/30/2022,HI,241955,,,0,0,1406,,,0,0,05/02/2022 12:49:10 PM,Not agree,Not agree
05/18/2020,HI,630,,,1,0,17,,,0,0,05/19/2020 11:45:23 AM,Not agree,Not agree
04/17/2021,HI,31606,,,184,88,471,,,0,0,04/18/2021 01:41:35 PM,Not agree,Not agree
09/03/2020,HI,9436,,,267,0,79,,,4,0,09/04/2020 09:36:16 AM,Not agree,Not agree
07/04/2020,HI,1005,,,25,0,19,,,0,0,07/05/2020 11:00:14 AM,Not agree,Not agree
08/10/2020,HI,3728,,,120,0,34,,,3,0,08/11/2020 10:16:27 AM,Not agree,Not agree
01/26/2022,HI,204085,,,2021,233,1137,,,2,0,01/27/2022 02:52:03 PM,Not agree,Not agree
05/20/2022,HI,258781,,,0,0,1434,,,0,0,05/21/2022 01:16:11 PM,Not agree,Not agree
01/10/2022,HI,143089,,,3827,682,1094,,,0,0,01/11/2022 02:42:53 PM,Not agree,Not agree
04/20/2021,HI,31817,,,38,0,471,,,0,0,04/21/2021 02:12:05 PM,Not agree,Not agree
05/04/2021,HI,33132,,,72,0,481,,,0,0,05/05/2021 02:14:20 PM,Not agree,Not agree
07/26/2021,HI,39156,,,156,4,526,,,0,0,07/27/2021 02:48:23 PM,Not agree,Not agree
09/14/2021,HI,70504,,,421,39,655,,,0,0,09/15/2021 02:35:57 PM,Not agree,Not agree
02/08/2022,HI,222504,,,521,63,1214,,,0,0,02/09/2022 02:50:57 PM,Not agree,Not agree
04/23/2021,HI,32066,,,89,0,474,,,1,0,04/24/2021 02:22:34 PM,Not agree,Not agree
03/27/2020,HI,171,,,35,0,0,,,0,,03/26/2020 12:22:39 PM,Not agree,Not agree
11/17/2020,HI,16515,,,44,0,221,,,0,0,11/18/2020 02:57:46 PM,Not agree,Not agree
09/22/2021,HI,74169,,,328,49,721,,,12,0,09/23/2021 02:07:24 PM,Not agree,Not agree
01/02/2022,HI,115400,,,3117,715,1083,,,0,0,01/03/2022 03:18:16 PM,Not agree,Not agree
04/21/2020,HI,584,,,6,0,12,,,2,0,04/21/2020 12:22:39 PM,Not agree,Not agree
06/30/2021,HI,36391,,,47,3,514,,,1,0,07/01/2021 02:29:33 PM,Not agree,Not agree
02/13/2021,HI,26729,,,77,20,422,,,0,0,02/14/2021 02:51:00 PM,Not agree,Not agree
04/09/2022,HI,235797,,,0,0,1370,,,0,0,04/11/2022 12:33:54 PM,Not agree,Not agree
09/12/2020,HI,10661,,,114,0,97,,,1,0,09/13/2020 12:17:15 PM,Not agree,Not agree
05/05/2022,HI,246110,,,0,0,1416,,,0,0,05/06/2022 01:14:55 PM,Not agree,Not agree
12/09/2020,HI,18470,,,73,0,264,,,4,0,12/10/2020 02:50:16 PM,Not agree,Not agree
11/04/2021,HI,81960,,,110,12,924,,,13,0,11/05/2021 02:19:47 PM,Not agree,Not agree
05/03/2020,HI,611,,,1,0,17,,,1,0,05/04/2020 06:49:24 PM,Not agree,Not agree
12/26/2021,HI,97022,,,0,0,1071,,,0,0,12/27/2021 04:13:05 PM,Not agree,Not agree
09/23/2020,HI,11744,,,90,0,122,,,2,0,09/24/2020 09:54:02 AM,Not agree,Not agree
07/13/2021,HI,37134,,,53,0,518,,,0,0,07/14/2021 02:14:34 PM,Not agree,Not agree
04/24/2022,HI,238763,,,0,0,1395,,,0,0,04/25/2022 01:33:47 PM,Not agree,Not agree
07/06/2021,HI,36680,,,34,1,515,,,0,0,07/07/2021 02:48:49 PM,Not agree,Not agree
05/29/2021,HI,34889,,,45,3,496,,,1,0,05/30/2021 01:32:12 PM,Not agree,Not agree
12/11/2021,HI,86016,,,183,28,1042,,,8,0,12/13/2021 01:44:32 PM,Not agree,Not agree
07/08/2021,HI,36777,,,63,6,516,,,1,0,07/09/2021 01:56:56 PM,Not agree,Not agree
07/24/2020,HI,1591,,,70,0,26,,,0,0,07/25/2020 01:40:06 PM,Not agree,Not agree
08/19/2021,HI,51565,,,744,62,555,,,4,0,08/20/2021 01:21:34 PM,Not agree,Not agree
01/19/2022,HI,180337,,,3898,654,1115,,,0,0,01/20/2022 03:22:04 PM,Not agree,Not agree
10/30/2021,HI,81461,,,150,49,899,,,9,0,11/01/2021 12:51:18 PM,Not agree,Not agree
10/16/2020,HI,13813,,,89,0,185,,,1,0,10/17/2020 02:09:18 PM,Not agree,Not agree
07/28/2021,HI,39392,,,88,13,529,,,3,0,07/29/2021 01:49:46 PM,Not agree,Not agree
10/20/2020,HI,14108,,,84,0,189,,,2,0,10/21/2020 01:34:31 PM,Not agree,Not agree
08/22/2020,HI,6575,,,247,0,47,,,2,0,08/23/2020 10:15:28 AM,Not agree,Not agree
03/03/2022,HI,231006,,,292,62,1332,,,3,0,03/04/2022 03:15:42 PM,Not agree,Not agree
07/27/2020,HI,1730,,,47,0,26,,,0,0,07/28/2020 10:21:07 AM,Not agree,Not agree
07/31/2021,HI,40643,,,467,16,534,,,0,0,08/02/2021 12:48:14 PM,Not agree,Not agree
07/14/2022,HI,309561,,,0,0,1523,,,0,0,07/15/2022 01:16:22 PM,Not agree,Not agree
05/07/2020,HI,617,,,0,0,17,,,0,0,05/07/2020 12:00:00 AM,Not agree,Not agree
03/23/2021,HI,28950,,,38,0,451,,,0,0,03/24/2021 02:16:52 PM,Not agree,Not agree
04/18/2021,HI,31715,,,109,0,471,,,0,0,04/19/2021 03:04:26 PM,Not agree,Not agree
05/26/2020,HI,636,,,0,0,17,,,0,0,05/26/2020 12:00:00 AM,Not agree,Not agree
05/14/2022,HI,251759,,,0,0,1422,,,0,0,05/16/2022 01:02:07 PM,Not agree,Not agree
03/26/2021,HI,29237,,,117,0,456,,,1,0,03/27/2021 02:01:18 PM,Not agree,Not agree
06/19/2021,HI,35976,,,57,4,508,,,2,0,06/18/2021 01:48:26 PM,Not agree,Not agree
01/05/2022,HI,122385,,,2555,110,1083,,,0,0,01/06/2022 02:32:45 PM,Not agree,Not agree
06/04/2021,HI,35217,,,65,1,498,,,0,0,06/05/2021 01:49:07 PM,Not agree,Not agree
06/01/2021,HI,35090,,,55,7,497,,,0,0,06/02/2021 02:35:40 PM,Not agree,Not agree
04/18/2022,HI,237097,,,0,0,1378,,,0,0,04/19/2022 01:21:35 PM,Not agree,Not agree
04/17/2022,HI,237097,,,0,0,1378,,,0,0,04/18/2022 02:50:08 PM,Not agree,Not agree
09/13/2021,HI,70083,,,454,11,655,,,0,0,09/14/2021 02:22:50 PM,Not agree,Not agree
09/18/2020,HI,11291,,,112,0,120,,,13,0,09/19/2020 10:00:26 AM,Not agree,Not agree
06/29/2022,HI,301246,,,5239,1228,1492,,,15,0,06/30/2022 01:15:26 PM,Not agree,Not agree
12/18/2020,HI,19539,,,122,0,279,,,1,0,12/19/2020 02:42:31 PM,Not agree,Not agree
02/01/2020,HI,0,,,0,,0,,,0,,03/26/2020 04:22:39 PM,Not agree,Not agree
12/16/2020,HI,19281,,,104,0,276,,,4,0,12/17/2020 02:33:42 PM,Not agree,Not agree
09/08/2020,HI,10086,,,100,0,88,,,2,0,09/09/2020 09:47:50 AM,Not agree,Not agree
07/25/2021,HI,39000,,,259,6,526,,,2,0,07/26/2021 01:52:25 PM,Not agree,Not agree
10/04/2021,HI,77876,,,188,32,806,,,3,0,10/05/2021 01:39:21 PM,Not agree,Not agree
04/23/2022,HI,238763,,,0,0,1395,,,0,0,04/25/2022 12:42:22 PM,Not agree,Not agree
12/16/2021,HI,87241,,,384,155,1054,,,2,0,12/17/2021 02:18:55 PM,Not agree,Not agree
05/04/2020,HI,614,,,3,0,17,,,0,0,05/05/2020 01:25:08 PM,Not agree,Not agree
04/11/2022,HI,235797,,,0,0,1370,,,0,0,04/12/2022 01:55:12 PM,Not agree,Not agree
05/13/2020,HI,626,,,0,0,17,,,0,0,05/13/2020 12:00:00 AM,Not agree,Not agree
06/08/2022,HI,283574,,,7943,2198,1453,,,8,0,06/09/2022 01:20:35 PM,Not agree,Not agree
03/29/2021,HI,29608,,,80,0,459,,,0,0,03/30/2021 02:06:13 PM,Not agree,Not agree
12/11/2020,HI,18665,,,79,0,267,,,1,0,12/12/2020 02:59:37 PM,Not agree,Not agree
12/05/2020,HI,18169,,,111,0,259,,,5,0,12/06/2020 02:51:16 PM,Not agree,Not agree
06/16/2020,HI,732,,,5,0,17,,,0,0,06/17/2020 11:06:04 AM,Not agree,Not agree
12/31/2020,HI,21026,,,175,0,286,,,3,0,01/01/2021 02:49:07 PM,Not agree,Not agree
07/18/2020,HI,1356,,,28,0,24,,,1,0,07/19/2020 11:05:47 AM,Not agree,Not agree
05/31/2021,HI,35035,,,27,-1,497,,,0,0,06/01/2021 03:18:33 PM,Not agree,Not agree
07/17/2020,HI,1328,,,19,0,23,,,1,0,07/18/2020 12:14:26 PM,Not agree,Not agree
01/16/2021,HI,23604,,,156,0,317,,,2,0,01/17/2021 03:43:14 PM,Not agree,Not agree
12/13/2021,HI,86372,,,147,27,1047,,,0,0,12/14/2021 02:53:14 PM,Not agree,Not agree
04/11/2021,HI,31045,,,89,0,468,,,0,0,04/12/2021 01:39:29 PM,Not agree,Not agree
03/08/2022,HI,231722,,,63,2,1342,,,0,0,03/09/2022 02:28:56 PM,Not agree,Not agree
12/03/2020,HI,17958,,,139,0,244,,,2,0,12/04/2020 03:00:59 PM,Not agree,Not agree
11/07/2020,HI,15707,,,123,0,219,,,1,0,11/08/2020 02:40:34 PM,Not agree,Not agree
01/02/2021,HI,21417,,,159,0,287,,,0,0,01/03/2021 02:53:25 PM,Not agree,Not agree
10/08/2020,HI,13110,,,0,0,164,,,1,0,10/09/2020 01:43:36 PM,Not agree,Not agree
03/11/2020,HI,2,,,0,0,0,,,0,,03/11/2020 12:00:00 AM,Not agree,Not agree
04/07/2022,HI,235797,,,0,0,1370,,,0,0,04/08/2022 01:45:38 PM,Not agree,Not agree
02/21/2021,HI,27075,,,64,0,428,,,1,0,02/22/2021 02:53:38 PM,Not agree,Not agree
03/14/2021,HI,28268,,,50,0,448,,,1,0,03/15/2021 02:03:45 PM,Not agree,Not agree
11/13/2020,HI,16274,,,103,0,221,,,0,0,11/14/2020 02:44:40 PM,Not agree,Not agree
03/28/2021,HI,29528,,,102,0,459,,,0,0,03/29/2021 01:48:56 PM,Not agree,Not agree
05/24/2020,HI,636,,,0,0,17,,,0,0,05/24/2020 12:00:00 AM,Not agree,Not agree
07/16/2021,HI,37455,,,137,0,520,,,1,0,07/17/2021 01:43:02 PM,Not agree,Not agree
11/16/2020,HI,16471,,,92,0,221,,,0,0,11/17/2020 02:52:47 PM,Not agree,Not agree
09/27/2021,HI,76006,,,248,17,752,,,0,0,09/28/2021 02:30:08 PM,Not agree,Not agree
10/25/2021,HI,80807,,,85,7,883,,,0,0,10/26/2021 01:58:33 PM,Not agree,Not agree
11/23/2020,HI,17142,,,103,0,231,,,0,0,11/24/2020 03:27:55 PM,Not agree,Not agree
06/16/2021,HI,35831,,,29,2,504,,,1,0,06/17/2021 02:38:09 PM,Not agree,Not agree
05/15/2020,HI,628,,,2,0,17,,,0,0,05/16/2020 11:46:44 AM,Not agree,Not agree
06/11/2021,HI,35595,,,73,4,503,,,1,0,06/12/2021 02:13:34 PM,Not agree,Not agree
02/16/2021,HI,26819,,,16,0,423,,,0,0,02/17/2021 02:51:58 PM,Not agree,Not agree
08/24/2021,HI,55165,,,557,70,562,,,1,0,08/25/2021 01:58:33 PM,Not agree,Not agree
09/13/2020,HI,10741,,,80,0,99,,,2,0,09/14/2020 10:01:21 AM,Not agree,Not agree
11/29/2020,HI,17627,,,54,0,242,,,4,0,11/30/2020 02:51:40 PM,Not agree,Not agree
05/12/2020,HI,626,,,3,0,17,,,0,0,05/13/2020 11:26:08 AM,Not agree,Not agree
08/27/2021,HI,57509,,,1017,132,579,,,9,0,08/28/2021 01:53:26 PM,Not agree,Not agree
03/03/2021,HI,27549,,,17,0,438,,,2,0,03/04/2021 03:08:33 PM,Not agree,Not agree
08/30/2020,HI,8443,,,130,0,63,,,1,0,08/31/2020 10:05:56 AM,Not agree,Not agree
01/26/2020,HI,0,,,0,,0,,,0,,03/26/2020 04:22:39 PM,Not agree,Not agree
06/22/2021,HI,36066,,,18,-1,510,,,0,0,06/23/2021 03:24:06 PM,Not agree,Not agree
03/04/2022,HI,231222,,,216,75,1336,,,4,0,03/05/2022 02:44:19 PM,Not agree,Not agree
11/30/2021,HI,84760,,,75,13,1007,,,0,0,12/01/2021 03:57:34 PM,Not agree,Not agree
11/17/2021,HI,83270,,,133,18,974,,,7,0,11/18/2021 04:58:36 PM,Not agree,Not agree
01/07/2021,HI,22133,,,287,0,297,,,0,0,01/08/2021 03:56:01 PM,Not agree,Not agree
06/10/2021,HI,35522,,,61,15,502,,,0,0,06/11/2021 02:20:54 PM,Not agree,Not agree
02/13/2022,HI,226027,,,504,69,1250,,,4,0,02/14/2022 02:48:15 PM,Not agree,Not agree
06/27/2020,HI,881,,,26,0,17,,,0,0,06/28/2020 10:59:02 AM,Not agree,Not agree
03/09/2022,HI,231844,,,122,7,1342,,,0,0,03/10/2022 02:27:26 PM,Not agree,Not agree
02/04/2020,HI,0,,,0,,0,,,0,,03/26/2020 04:22:39 PM,Not agree,Not agree
06/13/2022,HI,283574,,,0,0,1453,,,0,0,06/14/2022 01:48:37 PM,Not agree,Not agree
04/22/2021,HI,31977,,,92,0,473,,,2,0,04/23/2021 01:57:50 PM,Not agree,Not agree
02/18/2021,HI,26906,,,60,0,425,,,1,0,02/19/2021 03:33:51 PM,Not agree,Not agree
02/06/2020,HI,0,,,0,,0,,,0,,03/26/2020 04:22:39 PM,Not agree,Not agree
02/22/2022,HI,229083,,,149,27,1292,,,0,0,02/23/2022 03:07:10 PM,Not agree,Not agree
01/30/2021,HI,25708,,,144,35,404,,,0,0,01/31/2021 02:48:12 PM,Not agree,Not agree
01/21/2022,HI,190551,,,4403,472,1126,,,2,0,01/22/2022 02:22:36 PM,Not agree,Not agree
01/12/2021,HI,23048,,,108,0,306,,,0,0,01/13/2021 02:44:58 PM,Not agree,Not agree
03/01/2021,HI,27499,,,26,0,436,,,0,0,03/02/2021 02:54:47 PM,Not agree,Not agree
02/14/2021,HI,26772,,,43,0,423,,,1,0,02/15/2021 02:46:24 PM,Not agree,Not agree
11/12/2021,HI,82836,,,126,27,966,,,5,0,11/13/2021 02:31:27 PM,Not agree,Not agree
07/19/2020,HI,1368,,,12,0,24,,,0,0,07/20/2020 10:35:44 AM,Not agree,Not agree
04/22/2020,HI,589,,,5,0,12,,,0,0,04/22/2020 12:22:39 PM,Not agree,Not agree
09/11/2021,HI,68916,,,829,58,648,,,12,0,09/13/2021 12:52:39 PM,Not agree,Not agree
06/04/2022,HI,275631,,,0,0,1445,,,0,0,06/06/2022 01:00:10 PM,Not agree,Not agree
11/20/2020,HI,16766,,,89,0,222,,,0,0,11/21/2020 02:59:41 PM,Not agree,Not agree
01/11/2021,HI,22940,,,162,0,306,,,0,0,01/12/2021 02:48:35 PM,Not agree,Not agree
10/08/2021,HI,78597,,,192,23,828,,,7,0,10/09/2021 01:32:02 PM,Not agree,Not agree
05/02/2021,HI,32989,,,107,0,480,,,0,0,05/03/2021 01:58:14 PM,Not agree,Not agree
09/20/2021,HI,73567,,,419,28,709,,,0,0,09/21/2021 02:33:33 PM,Not agree,Not agree
11/03/2021,HI,81850,,,161,16,911,,,3,0,11/04/2021 03:01:34 PM,Not agree,Not agree
09/24/2021,HI,74997,,,391,21,742,,,9,0,09/25/2021 01:25:43 PM,Not agree,Not agree
11/28/2020,HI,17573,,,75,0,238,,,0,0,11/29/2020 02:49:08 PM,Not agree,Not agree
01/20/2021,HI,24551,,,68,0,322,,,1,0,01/21/2021 02:44:32 PM,Not agree,Not agree
08/29/2020,HI,8313,,,200,0,62,,,3,0,08/30/2020 10:49:52 AM,Not agree,Not agree
01/29/2021,HI,25564,,,104,0,404,,,1,0,01/30/2021 02:43:11 PM,Not agree,Not agree
06/14/2021,HI,35769,,,46,0,503,,,0,0,06/15/2021 02:44:13 PM,Not agree,Not agree
12/14/2020,HI,19125,,,187,0,272,,,0,0,12/15/2020 02:39:02 PM,Not agree,Not agree
02/27/2021,HI,27419,,,133,34,436,,,2,0,02/28/2021 02:48:18 PM,Not agree,Not agree
03/16/2020,HI,11,,,1,0,0,,,0,,03/26/2020 12:22:39 PM,Not agree,Not agree
01/29/2020,HI,0,,,0,,0,,,0,,03/26/2020 04:22:39 PM,Not agree,Not agree
09/28/2020,HI,12252,,,85,0,132,,,1,0,09/29/2020 09:50:42 AM,Not agree,Not agree
06/24/2022,HI,296007,,,0,0,1477,,,0,0,06/25/2022 01:21:08 PM,Not agree,Not agree
06/12/2022,HI,283574,,,0,0,1453,,,0,0,06/13/2022 02:45:26 PM,Not agree,Not agree
04/15/2020,HI,535,,,11,0,9,,,0,,04/15/2020 12:22:39 PM,Not agree,Not agree
05/17/2020,HI,629,,,0,0,17,,,0,0,05/17/2020 12:00:00 AM,Not agree,Not agree
01/23/2022,HI,197582,,,3131,319,1135,,,4,0,01/24/2022 03:59:16 PM,Not agree,Not agree
10/14/2021,HI,79411,,,156,32,852,,,6,0,10/15/2021 01:51:07 PM,Not agree,Not agree
10/05/2020,HI,12900,,,81,0,157,,,1,0,10/06/2020 09:33:58 AM,Not agree,Not agree
11/07/2021,HI,82282,,,123,13,952,,,11,0,11/08/2021 03:35:12 PM,Not agree,Not agree
05/09/2022,HI,246110,,,0,0,1416,,,0,0,05/10/2022 01:23:16 PM,Not agree,Not agree
10/24/2021,HI,80722,,,153,37,883,,,3,0,10/25/2021 05:00:46 PM,Not agree,Not agree
07/07/2022,HI,305348,,,0,0,1512,,,0,0,07/08/2022 01:25:51 PM,Not agree,Not agree
09/14/2020,HI,10806,,,65,0,99,,,0,0,09/15/2020 10:03:59 AM,Not agree,Not agree
04/01/2020,HI,311,,,28,0,1,,,0,,03/31/2020 12:22:39 PM,Not agree,Not agree
07/07/2020,HI,1075,,,22,0,19,,,0,0,07/08/2020 10:12:08 AM,Not agree,Not agree
03/22/2020,HI,79,,,20,0,0,,,0,,03/26/2020 12:22:39 PM,Not agree,Not agree
07/03/2021,HI,36552,,,44,1,515,,,0,0,07/05/2021 01:25:13 PM,Not agree,Not agree
07/20/2022,HI,313805,,,4244,790,1536,,,13,0,07/21/2022 01:14:55 PM,Not agree,Not agree
02/17/2021,HI,26846,,,27,0,424,,,1,0,02/18/2021 02:43:57 PM,Not agree,Not agree
03/12/2020,HI,2,,,0,0,0,,,0,,03/12/2020 12:00:00 AM,Not agree,Not agree
08/30/2021,HI,60808,,,714,31,586,,,0,0,08/31/2021 02:57:22 PM,Not agree,Not agree
04/29/2020,HI,606,,,4,0,16,,,0,0,04/30/2020 12:07:01 PM,Not agree,Not agree
02/23/2020,HI,0,,,0,,0,,,0,,03/26/2020 04:22:39 PM,Not agree,Not agree
08/16/2020,HI,5188,,,174,0,40,,,0,0,08/17/2020 10:26:31 AM,Not agree,Not agree
07/20/2020,HI,1392,,,24,0,24,,,0,0,07/21/2020 10:50:17 AM,Not agree,Not agree
06/18/2020,HI,776,,,26,0,17,,,0,0,06/19/2020 11:01:11 AM,Not agree,Not agree
11/22/2021,HI,84084,,,92,25,991,,,0,0,11/23/2021 02:18:53 PM,Not agree,Not agree
06/01/2020,HI,645,,,1,0,17,,,0,0,06/02/2020 10:16:17 AM,Not agree,Not agree
01/25/2020,HI,0,,,0,,0,,,0,,03/26/2020 04:22:39 PM,Not agree,Not agree
06/05/2020,HI,661,,,8,0,17,,,0,0,06/06/2020 10:31:37 AM,Not agree,Not agree
08/08/2020,HI,3468,,,151,0,31,,,1,0,08/09/2020 10:03:10 AM,Not agree,Not agree
01/25/2021,HI,25209,,,116,0,339,,,0,0,01/26/2021 02:46:01 PM,Not agree,Not agree
07/14/2021,HI,37174,,,40,3,518,,,0,0,07/15/2021 02:29:47 PM,Not agree,Not agree
01/17/2022,HI,170259,,,4637,749,1115,,,0,0,01/18/2022 02:47:30 PM,Not agree,Not agree
12/18/2021,HI,88717,,,698,167,1059,,,3,0,12/20/2021 02:01:33 PM,Not agree,Not agree
10/11/2021,HI,79093,,,107,6,840,,,4,0,10/12/2021 02:00:10 PM,Not agree,Not agree
11/22/2020,HI,17039,,,120,0,231,,,2,0,11/23/2020 03:04:35 PM,Not agree,Not agree
01/07/2022,HI,130605,,,3520,604,1090,,,3,0,01/08/2022 02:31:47 PM,Not agree,Not agree
07/28/2020,HI,1840,,,110,0,26,,,0,0,07/29/2020 10:34:46 AM,Not agree,Not agree
07/07/2021,HI,36714,,,34,-1,515,,,0,0,07/08/2021 02:26:57 PM,Not agree,Not agree
09/03/2021,HI,63722,,,862,85,609,,,7,0,09/04/2021 01:18:29 PM,Not agree,Not agree
09/02/2021,HI,62860,,,1060,99,602,,,4,0,09/03/2021 01:38:30 PM,Not agree,Not agree
01/01/2021,HI,21258,,,232,0,287,,,1,0,01/02/2021 02:50:51 PM,Not agree,Not agree
01/30/2022,HI,212768,,,2683,498,1168,,,7,0,01/31/2022 04:55:36 PM,Not agree,Not agree
10/20/2021,HI,80139,,,134,18,871,,,0,0,10/21/2021 01:44:20 PM,Not agree,Not agree
06/12/2020,HI,711,,,17,0,17,,,0,0,06/13/2020 01:46:26 PM,Not agree,Not agree
12/08/2021,HI,85536,,,72,12,1028,,,6,0,12/09/2021 02:45:23 PM,Not agree,Not agree
05/07/2021,HI,33417,,,108,0,483,,,0,0,05/08/2021 01:45:22 PM,Not agree,Not agree
11/19/2021,HI,83684,,,198,58,987,,,6,0,11/20/2021 02:50:36 PM,Not agree,Not agree
09/09/2020,HI,10253,,,167,0,91,,,3,0,09/10/2020 10:02:53 AM,Not agree,Not agree
09/04/2021,HI,64597,,,875,45,610,,,1,0,09/06/2021 01:20:57 PM,Not agree,Not agree
04/13/2021,HI,31175,,,62,0,468,,,0,0,04/14/2021 02:34:57 PM,Not agree,Not agree
05/13/2022,HI,251759,,,0,0,1422,,,0,0,05/14/2022 01:28:26 PM,Not agree,Not agree
04/27/2021,HI,32397,,,48,0,476,,,1,0,04/28/2021 03:20:12 PM,Not agree,Not agree
01/12/2022,HI,149460,,,3460,495,1099,,,5,0,01/13/2022 02:34:51 PM,Not agree,Not agree
11/11/2020,HI,16077,,,116,0,221,,,0,0,11/12/2020 02:55:21 PM,Not agree,Not agree
03/31/2021,HI,29779,,,90,0,460,,,1,0,04/01/2021 02:13:30 PM,Not agree,Not agree
06/15/2020,HI,727,,,3,0,17,,,0,0,06/16/2020 10:10:11 AM,Not agree,Not agree
12/13/2020,HI,18938,,,77,0,272,,,3,0,12/14/2020 02:36:45 PM,Not agree,Not agree
11/16/2021,HI,83137,,,58,23,967,,,0,0,11/17/2021 04:09:28 PM,Not agree,Not agree
07/12/2021,HI,37081,,,56,2,518,,,0,0,07/13/2021 02:26:25 PM,Not agree,Not agree
05/19/2020,HI,631,,,1,0,17,,,0,0,05/20/2020 11:28:26 AM,Not agree,Not agree
10/18/2020,HI,13989,,,82,0,187,,,1,0,10/19/2020 02:06:44 PM,Not agree,Not agree
06/28/2022,HI,296007,,,0,0,1477,,,0,0,06/29/2022 01:17:31 PM,Not agree,Not agree
06/07/2022,HI,275631,,,0,0,1445,,,0,0,06/08/2022 01:25:49 PM,Not agree,Not agree
01/20/2022,HI,186148,,,5811,677,1124,,,9,0,01/21/2022 02:36:23 PM,Not agree,Not agree
12/10/2021,HI,85833,,,157,22,1034,,,5,0,12/11/2021 02:24:24 PM,Not agree,Not agree
03/02/2021,HI,27532,,,33,0,436,,,0,0,03/03/2021 03:20:17 PM,Not agree,Not agree
06/13/2020,HI,716,,,5,0,17,,,0,0,06/14/2020 10:19:43 AM,Not agree,Not agree
01/03/2021,HI,21539,,,122,0,287,,,0,0,01/04/2021 02:55:45 PM,Not agree,Not agree
08/03/2021,HI,41815,,,369,-2,535,,,1,0,08/04/2021 03:17:10 PM,Not agree,Not agree
06/06/2022,HI,275631,,,0,0,1445,,,0,0,06/07/2022 01:16:16 PM,Not agree,Not agree
11/30/2020,HI,17708,,,81,0,242,,,0,0,12/01/2020 03:26:07 PM,Not agree,Not agree
06/20/2022,HI,290652,,,0,0,1462,,,0,0,06/21/2022 02:25:47 PM,Not agree,Not agree
02/27/2020,HI,0,,,0,,0,,,0,,03/26/2020 04:22:39 PM,Not agree,Not agree
10/22/2020,HI,14284,,,99,0,206,,,3,0,10/23/2020 01:44:31 PM,Not agree,Not agree
06/07/2021,HI,35391,,,31,-1,502,,,0,0,06/08/2021 03:05:30 PM,Not agree,Not agree
11/18/2020,HI,16577,,,62,0,222,,,1,0,11/19/2020 03:01:36 PM,Not agree,Not agree
12/15/2020,HI,19177,,,52,0,272,,,0,0,12/16/2020 02:28:57 PM,Not agree,Not agree
01/19/2021,HI,24483,,,59,0,321,,,2,0,01/20/2021 02:44:03 PM,Not agree,Not agree
04/12/2021,HI,31113,,,68,0,468,,,0,0,04/13/2021 02:00:37 PM,Not agree,Not agree
08/21/2020,HI,6328,,,280,0,45,,,0,0,08/22/2020 10:21:09 AM,Not agree,Not agree
07/15/2020,HI,1286,,,19,0,22,,,0,0,07/16/2020 10:22:21 AM,Not agree,Not agree
03/06/2020,HI,1,,,0,0,0,,,0,,03/06/2020 12:00:00 AM,Not agree,Not agree
05/01/2021,HI,32882,,,188,73,480,,,0,0,05/02/2021 02:13:07 PM,Not agree,Not agree
09/15/2020,HI,10904,,,98,0,99,,,0,0,09/16/2020 09:53:41 AM,Not agree,Not agree
05/16/2021,HI,34180,,,116,0,489,,,1,0,05/17/2021 02:13:39 PM,Not agree,Not agree
03/30/2020,HI,252,,,22,0,0,,,0,,03/29/2020 12:22:39 PM,Not agree,Not agree
04/13/2020,HI,513,,,6,0,9,,,0,,04/12/2020 12:22:39 PM,Not agree,Not agree
07/12/2020,HI,1217,,,20,0,19,,,0,0,07/13/2020 11:19:34 AM,Not agree,Not agree
03/01/2020,HI,0,,,0,,0,,,0,,03/26/2020 04:22:39 PM,Not agree,Not agree
02/17/2022,HI,227602,,,610,24,1278,,,16,0,02/18/2022 02:18:41 PM,Not agree,Not agree
04/29/2021,HI,32580,,,115,0,480,,,1,0,04/30/2021 01:40:40 PM,Not agree,Not agree
12/02/2021,HI,84968,,,120,14,1016,,,1,0,12/03/2021 03:05:46 PM,Not agree,Not agree
05/08/2020,HI,619,,,2,0,17,,,0,0,05/09/2020 05:26:08 PM,Not agree,Not agree
02/20/2021,HI,27011,,,61,12,427,,,0,0,02/21/2021 02:57:50 PM,Not agree,Not agree
01/04/2022,HI,119830,,,1500,321,1083,,,0,0,01/05/2022 04:16:33 PM,Not agree,Not agree
10/03/2020,HI,12768,,,69,0,142,,,0,0,10/04/2020 09:35:23 AM,Not agree,Not agree
06/19/2020,HI,788,,,12,0,17,,,0,0,06/20/2020 10:15:45 AM,Not agree,Not agree
08/16/2021,HI,49727,,,522,10,549,,,0,0,08/17/2021 02:24:04 PM,Not agree,Not agree
10/14/2020,HI,13636,,,98,0,183,,,10,0,10/15/2020 01:30:46 PM,Not agree,Not agree
02/28/2020,HI,0,,,0,,0,,,0,,03/26/2020 04:22:39 PM,Not agree,Not agree
01/27/2020,HI,0,,,0,,0,,,0,,03/26/2020 04:22:39 PM,Not agree,Not agree
01/25/2022,HI,202064,,,1855,256,1135,,,0,0,01/26/2022 03:12:02 PM,Not agree,Not agree
11/13/2021,HI,82914,,,78,-1,966,,,0,0,11/15/2021 01:35:54 PM,Not agree,Not agree
03/13/2022,HI,231844,,,0,0,1342,,,0,0,03/14/2022 02:38:32 PM,Not agree,Not agree
08/28/2020,HI,8113,,,310,0,59,,,4,0,08/29/2020 09:42:50 AM,Not agree,Not agree
07/09/2020,HI,1136,,,27,0,19,,,0,0,07/10/2020 11:35:06 AM,Not agree,Not agree
06/11/2020,HI,694,,,15,0,17,,,0,0,06/12/2020 10:17:59 AM,Not agree,Not agree
06/26/2020,HI,855,,,6,0,17,,,0,0,06/27/2020 01:51:58 PM,Not agree,Not agree
06/27/2022,HI,296007,,,0,0,1477,,,0,0,06/28/2022 01:17:16 PM,Not agree,Not agree
01/18/2021,HI,23840,,,115,0,319,,,0,0,01/19/2021 02:37:00 PM,Not agree,Not agree
04/29/2022,HI,241955,,,0,0,1406,,,0,0,04/30/2022 01:19:13 PM,Not agree,Not agree
12/04/2021,HI,85203,,,117,20,1021,,,4,0,12/06/2021 01:50:49 PM,Not agree,Not agree
09/30/2020,HI,12480,,,107,0,136,,,2,0,10/01/2020 09:42:11 AM,Not agree,Not agree
09/29/2020,HI,12373,,,121,0,134,,,2,0,09/30/2020 10:17:41 AM,Not agree,Not agree
10/01/2020,HI,12566,,,86,0,139,,,3,0,10/02/2020 09:40:08 AM,Not agree,Not agree
09/07/2020,HI,9986,,,66,0,86,,,1,0,09/08/2020 10:47:00 AM,Not agree,Not agree
03/12/2022,HI,231844,,,0,0,1342,,,0,0,03/14/2022 12:45:51 PM,Not agree,Not agree
06/25/2021,HI,36198,,,41,3,511,,,1,0,06/26/2021 02:17:39 PM,Not agree,Not agree
12/12/2021,HI,86225,,,209,12,1047,,,5,0,12/13/2021 03:27:15 PM,Not agree,Not agree
03/27/2021,HI,29426,,,189,85,459,,,3,0,03/28/2021 01:52:27 PM,Not agree,Not agree
10/09/2020,HI,13263,,,153,0,166,,,2,0,10/10/2020 01:30:17 PM,Not agree,Not agree
05/10/2022,HI,246110,,,0,0,1416,,,0,0,05/11/2022 01:51:16 PM,Not agree,Not agree
05/20/2021,HI,34474,,,79,21,489,,,0,0,05/21/2021 02:08:46 PM,Not agree,Not agree
06/01/2022,HI,275631,,,8029,1894,1445,,,6,0,06/02/2022 01:14:51 PM,Not agree,Not agree
07/11/2022,HI,305348,,,0,0,1512,,,0,0,07/12/2022 01:16:32 PM,Not agree,Not agree
01/21/2021,HI,24663,,,112,0,325,,,3,0,01/22/2021 02:51:49 PM,Not agree,Not agree
04/15/2021,HI,31337,,,95,0,470,,,0,0,04/16/2021 02:12:25 PM,Not agree,Not agree
07/27/2021,HI,39304,,,148,3,526,,,0,0,07/28/2021 01:51:39 PM,Not agree,Not agree
03/02/2022,HI,230714,,,139,32,1329,,,7,0,03/03/2022 02:58:52 PM,Not agree,Not agree
05/12/2021,HI,33762,,,39,0,486,,,1,0,05/13/2021 02:28:07 PM,Not agree,Not agree
03/09/2020,HI,2,,,0,0,0,,,0,,03/09/2020 12:00:00 AM,Not agree,Not agree
02/25/2022,HI,229771,,,294,61,1309,,,9,0,02/26/2022 02:15:52 PM,Not agree,Not agree
09/19/2021,HI,73148,,,461,19,709,,,12,0,09/20/2021 01:47:59 PM,Not agree,Not agree
03/31/2020,HI,283,,,31,0,1,,,1,,03/30/2020 12:22:39 PM,Not agree,Not agree
12/17/2021,HI,88019,,,778,83,1056,,,2,0,12/18/2021 02:58:45 PM,Not agree,Not agree
06/08/2020,HI,669,,,6,0,17,,,0,0,06/09/2020 12:49:08 PM,Not agree,Not agree
02/10/2022,HI,224138,,,1164,83,1227,,,6,0,02/11/2022 02:35:19 PM,Not agree,Not agree
04/07/2021,HI,30552,,,73,0,464,,,0,0,04/08/2021 01:46:50 PM,Not agree,Not agree
11/21/2020,HI,16919,,,153,0,229,,,7,0,11/22/2020 03:02:23 PM,Not agree,Not agree
09/15/2021,HI,70991,,,487,56,666,,,11,0,09/16/2021 02:24:46 PM,Not agree,Not agree
10/11/2020,HI,13435,,,64,0,169,,,1,0,10/12/2020 02:07:08 PM,Not agree,Not agree
06/23/2020,HI,818,,,13,0,17,,,0,0,06/24/2020 11:03:27 AM,Not agree,Not agree
09/12/2021,HI,69629,,,713,45,655,,,7,0,09/13/2021 02:26:59 PM,Not agree,Not agree
09/21/2020,HI,11487,,,64,0,120,,,0,0,09/22/2020 09:51:57 AM,Not agree,Not agree
05/06/2022,HI,246110,,,0,0,1416,,,0,0,05/07/2022 01:19:57 PM,Not agree,Not agree
02/26/2021,HI,27286,,,39,0,434,,,2,0,02/27/2021 02:51:23 PM,Not agree,Not agree
10/29/2020,HI,14841,,,7,0,214,,,1,0,10/30/2020 01:37:23 PM,Not agree,Not agree
09/28/2021,HI,76243,,,237,26,752,,,0,0,09/29/2021 03:04:06 PM,Not agree,Not agree
01/08/2022,HI,134753,,,4148,554,1091,,,1,0,01/10/2022 01:58:15 PM,Not agree,Not agree
02/24/2020,HI,0,,,0,,0,,,0,,03/26/2020 04:22:39 PM,Not agree,Not agree
03/20/2022,HI,232845,,,0,0,1356,,,0,0,03/21/2022 01:48:00 PM,Not agree,Not agree
04/14/2022,HI,237097,,,0,0,1378,,,0,0,04/15/2022 01:23:20 PM,Not agree,Not agree
03/10/2021,HI,27944,,,41,0,445,,,3,0,03/11/2021 03:36:21 PM,Not agree,Not agree
04/14/2021,HI,31242,,,67,0,470,,,2,0,04/15/2021 01:58:27 PM,Not agree,Not agree
04/15/2022,HI,237097,,,0,0,1378,,,0,0,04/16/2022 01:28:29 PM,Not agree,Not agree
07/06/2020,HI,1053,,,41,0,19,,,0,0,07/07/2020 10:58:02 AM,Not agree,Not agree
11/04/2020,HI,15379,,,150,0,218,,,0,0,11/05/2020 02:39:23 PM,Not agree,Not agree
01/29/2022,HI,210085,,,1832,119,1161,,,9,0,01/31/2022 03:12:12 PM,Not agree,Not agree
05/24/2022,HI,258781,,,0,0,1434,,,0,0,05/25/2022 01:28:28 PM,Not agree,Not agree
03/18/2020,HI,22,,,6,0,0,,,0,,03/26/2020 12:22:39 PM,Not agree,Not agree
06/09/2020,HI,673,,,4,0,17,,,0,0,06/10/2020 04:56:25 PM,Not agree,Not agree
07/17/2021,HI,37577,,,122,10,520,,,0,0,07/19/2021 01:20:07 PM,Not agree,Not agree
02/01/2022,HI,215303,,,1054,81,1169,,,0,0,02/02/2022 03:18:51 PM,Not agree,Not agree
07/01/2022,HI,301246,,,0,0,1492,,,0,0,07/02/2022 01:29:57 PM,Not agree,Not agree
02/05/2020,HI,0,,,0,,0,,,0,,03/26/2020 04:22:39 PM,Not agree,Not agree
12/12/2020,HI,18861,,,196,0,269,,,2,0,12/13/2020 02:31:19 PM,Not agree,Not agree
12/05/2021,HI,85330,,,127,19,1022,,,1,0,12/06/2021 02:59:31 PM,Not agree,Not agree
01/05/2021,HI,21721,,,107,0,287,,,0,0,01/06/2021 02:58:26 PM,Not agree,Not agree
02/29/2020,HI,0,,,0,,0,,,0,,03/26/2020 04:22:39 PM,Not agree,Not agree
05/08/2022,HI,246110,,,0,0,1416,,,0,0,05/09/2022 02:22:50 PM,Not agree,Not agree
03/20/2021,HI,28763,,,161,76,450,,,1,0,03/21/2021 01:54:01 PM,Not agree,Not agree
08/07/2020,HI,3317,,,229,0,30,,,1,0,08/08/2020 10:58:44 AM,Not agree,Not agree
02/07/2021,HI,26398,,,73,0,415,,,2,0,02/08/2021 02:53:12 PM,Not agree,Not agree
03/06/2022,HI,231222,,,0,0,1336,,,0,0,03/07/2022 03:00:11 PM,Not agree,Not agree
06/21/2021,HI,36048,,,12,-1,510,,,0,0,06/22/2021 02:36:11 PM,Not agree,Not agree
07/06/2022,HI,305348,,,4102,773,1512,,,20,0,07/07/2022 02:29:13 PM,Not agree,Not agree
03/21/2022,HI,232845,,,0,0,1356,,,0,0,03/22/2022 01:39:13 PM,Not agree,Not agree
01/22/2020,HI,0,,,0,,0,,,0,,03/26/2020 04:22:39 PM,Not agree,Not agree
04/05/2022,HI,234659,,,0,0,1367,,,0,0,04/06/2022 01:55:45 PM,Not agree,Not agree
04/13/2022,HI,237097,,,1300,247,1378,,,8,0,04/14/2022 03:28:01 PM,Not agree,Not agree
02/15/2022,HI,226798,,,288,-9,1250,,,0,0,02/16/2022 03:00:19 PM,Not agree,Not agree
04/02/2020,HI,350,,,39,0,2,,,1,,04/01/2020 12:22:39 PM,Not agree,Not agree
03/06/2021,HI,27774,,,119,38,441,,,1,0,03/07/2021 02:51:40 PM,Not agree,Not agree
01/18/2022,HI,176439,,,6180,1348,1115,,,0,0,01/19/2022 03:44:00 PM,Not agree,Not agree
02/19/2022,HI,228425,,,352,46,1288,,,8,0,02/21/2022 08:09:45 PM,Not agree,Not agree
05/16/2022,HI,251759,,,0,0,1422,,,0,0,05/17/2022 01:42:49 PM,Not agree,Not agree
04/01/2021,HI,29888,,,109,0,460,,,0,0,04/02/2021 01:56:15 PM,Not agree,Not agree
04/06/2020,HI,428,,,22,0,5,,,1,,04/05/2020 12:22:39 PM,Not agree,Not agree
03/05/2020,HI,1,,,1,0,0,,,0,,03/26/2020 12:22:39 PM,Not agree,Not agree
12/29/2020,HI,20747,,,71,0,283,,,0,0,12/30/2020 02:56:20 PM,Not agree,Not agree
09/20/2020,HI,11423,,,55,0,120,,,0,0,09/21/2020 09:47:41 AM,Not agree,Not agree
03/13/2020,HI,4,,,2,0,0,,,0,,03/26/2020 12:22:39 PM,Not agree,Not agree
03/24/2021,HI,29005,,,55,0,454,,,3,0,03/25/2021 02:25:23 PM,Not agree,Not agree
05/14/2020,HI,626,,,0,0,17,,,0,0,05/14/2020 12:00:00 AM,Not agree,Not agree
06/23/2022,HI,296007,,,0,0,1477,,,0,0,06/24/2022 01:41:53 PM,Not agree,Not agree
06/02/2021,HI,35111,,,21,2,497,,,0,0,06/03/2021 03:22:54 PM,Not agree,Not agree
01/15/2021,HI,23448,,,143,0,315,,,0,0,01/16/2021 02:46:10 PM,Not agree,Not agree
01/03/2022,HI,118330,,,2930,580,1083,,,0,0,01/04/2022 02:43:16 PM,Not agree,Not agree
05/28/2022,HI,267602,,,0,0,1439,,,0,0,05/30/2022 12:41:08 PM,Not agree,Not agree
06/23/2021,HI,36104,,,38,-2,510,,,0,0,06/24/2021 03:16:23 PM,Not agree,Not agree
06/20/2021,HI,36036,,,60,6,510,,,2,0,06/21/2021 04:43:32 PM,Not agree,Not agree
04/25/2022,HI,238763,,,0,0,1395,,,0,0,04/26/2022 01:17:03 PM,Not agree,Not agree
07/02/2020,HI,956,,,28,0,18,,,0,0,07/03/2020 11:01:33 AM,Not agree,Not agree
09/26/2021,HI,75758,,,367,21,752,,,10,0,09/27/2021 02:29:10 PM,Not agree,Not agree
03/15/2022,HI,231844,,,0,0,1342,,,0,0,03/16/2022 01:23:12 PM,Not agree,Not agree
09/10/2020,HI,10420,,,167,0,94,,,3,0,09/11/2020 09:51:03 AM,Not agree,Not agree
03/19/2020,HI,39,,,17,0,0,,,0,,03/26/2020 12:22:39 PM,Not agree,Not agree
03/17/2022,HI,232845,,,0,0,1356,,,0,0,03/18/2022 01:48:08 PM,Not agree,Not agree
08/01/2021,HI,41090,,,447,13,534,,,0,0,08/02/2021 02:03:57 PM,Not agree,Not agree
12/01/2020,HI,17751,,,43,0,242,,,0,0,12/02/2020 03:48:48 PM,Not agree,Not agree
02/06/2021,HI,26325,,,133,29,413,,,0,0,02/07/2021 02:46:31 PM,Not agree,Not agree
05/23/2022,HI,258781,,,0,0,1434,,,0,0,05/24/2022 01:28:12 PM,Not agree,Not agree
02/02/2022,HI,216412,,,1109,218,1179,,,10,0,02/03/2022 03:01:36 PM,Not agree,Not agree
05/27/2021,HI,34807,,,53,-2,495,,,2,0,05/28/2021 01:29:21 PM,Not agree,Not agree
08/11/2020,HI,3927,,,199,0,34,,,0,0,08/12/2020 09:50:14 AM,Not agree,Not agree
05/09/2021,HI,33613,,,73,0,485,,,1,0,05/10/2021 02:15:36 PM,Not agree,Not agree
04/09/2020,HI,469,,,11,0,6,,,1,,04/08/2020 12:22:39 PM,Not agree,Not agree
05/12/2022,HI,251759,,,0,0,1422,,,0,0,05/13/2022 01:28:57 PM,Not agree,Not agree
03/01/2022,HI,230575,,,117,25,1322,,,0,0,03/02/2022 02:48:48 PM,Not agree,Not agree
02/11/2020,HI,0,,,0,,0,,,0,,03/26/2020 04:22:39 PM,Not agree,Not agree
04/18/2020,HI,572,,,8,0,9,,,0,,04/18/2020 12:22:39 PM,Not agree,Not agree
12/22/2021,HI,92157,,,955,147,1063,,,2,0,12/23/2021 02:39:18 PM,Not agree,Not agree
05/05/2021,HI,33186,,,54,0,482,,,1,0,05/06/2021 02:14:04 PM,Not agree,Not agree
12/19/2020,HI,19691,,,152,0,279,,,0,0,12/20/2020 02:32:33 PM,Not agree,Not agree
05/01/2020,HI,607,,,0,0,16,,,0,0,05/01/2020 12:00:00 AM,Not agree,Not agree
03/16/2021,HI,28357,,,45,0,448,,,0,0,03/17/2021 02:24:24 PM,Not agree,Not agree
12/28/2021,HI,101371,,,812,92,1071,,,0,0,12/29/2021 02:30:55 PM,Not agree,Not agree
02/23/2021,HI,27168,,,44,0,428,,,0,0,02/24/2021 02:56:12 PM,Not agree,Not agree
10/17/2021,HI,79832,,,135,25,867,,,6,0,10/18/2021 01:49:53 PM,Not agree,Not agree
07/19/2022,HI,309561,,,0,0,1523,,,0,0,07/20/2022 01:20:19 PM,Not agree,Not agree
10/15/2020,HI,13724,,,88,0,184,,,1,0,10/16/2020 01:33:55 PM,Not agree,Not agree
02/11/2021,HI,26591,,,84,0,421,,,1,0,02/12/2021 02:56:38 PM,Not agree,Not agree
04/05/2021,HI,30427,,,89,0,464,,,0,0,04/06/2021 01:43:58 PM,Not agree,Not agree
03/03/2020,HI,0,,,0,,0,,,0,,03/26/2020 04:22:39 PM,Not agree,Not agree
11/01/2020,HI,15075,,,80,0,218,,,0,0,11/02/2020 02:53:09 PM,Not agree,Not agree
08/27/2020,HI,7803,,,263,0,55,,,4,0,08/28/2020 09:43:49 AM,Not agree,Not agree
03/23/2022,HI,233569,,,724,155,1361,,,5,0,03/24/2022 01:32:04 PM,Not agree,Not agree
05/09/2020,HI,620,,,1,0,17,,,0,0,05/10/2020 05:26:08 PM,Not agree,Not agree
03/07/2020,HI,1,,,0,0,0,,,0,,03/07/2020 12:00:00 AM,Not agree,Not agree
08/02/2021,HI,41446,,,356,11,534,,,0,0,08/03/2021 02:29:23 PM,Not agree,Not agree
05/26/2021,HI,34754,,,46,1,493,,,0,0,05/27/2021 01:41:41 PM,Not agree,Not agree
07/04/2022,HI,301246,,,0,0,1492,,,0,0,07/05/2022 01:15:37 PM,Not agree,Not agree
04/06/2021,HI,30479,,,52,0,464,,,0,0,04/07/2021 02:25:43 PM,Not agree,Not agree
04/20/2020,HI,578,,,2,0,10,,,0,0,04/20/2020 12:22:39 PM,Not agree,Not agree
10/22/2021,HI,80399,,,118,13,878,,,3,0,10/23/2021 01:42:15 PM,Not agree,Not agree
03/22/2021,HI,28912,,,78,0,451,,,0,0,03/23/2021 02:05:18 PM,Not agree,Not agree
04/12/2022,HI,235797,,,0,0,1370,,,0,0,04/13/2022 01:31:40 PM,Not agree,Not agree
10/28/2020,HI,14834,,,119,0,213,,,-1,0,10/29/2020 02:11:33 PM,Not agree,Not agree
01/30/2020,HI,0,,,0,,0,,,0,,03/26/2020 04:22:39 PM,Not agree,Not agree
04/23/2020,HI,592,,,3,0,12,,,0,0,05/25/2020 11:38:40 AM,Not agree,Not agree
07/14/2020,HI,1267,,,28,0,22,,,0,0,07/15/2020 11:05:12 AM,Not agree,Not agree
08/02/2020,HI,2424,,,207,0,26,,,0,0,08/03/2020 10:31:01 AM,Not agree,Not agree
02/16/2020,HI,0,,,0,,0,,,0,,03/26/2020 04:22:39 PM,Not agree,Not agree
05/25/2022,HI,267602,,,8821,2488,1439,,,5,0,05/26/2022 01:18:31 PM,Not agree,Not agree
06/30/2020,HI,908,,,7,0,18,,,0,0,07/01/2020 11:45:16 AM,Not agree,Not agree
10/09/2021,HI,78786,,,189,35,832,,,4,0,10/11/2021 01:19:41 PM,Not agree,Not agree
08/11/2021,HI,45920,,,460,33,542,,,2,0,08/12/2021 03:05:21 PM,Not agree,Not agree
02/21/2020,HI,0,,,0,,0,,,0,,03/26/2020 04:22:39 PM,Not agree,Not agree
01/06/2021,HI,21846,,,125,0,297,,,10,0,01/07/2021 02:56:59 PM,Not agree,Not agree
09/26/2020,HI,12077,,,95,0,131,,,4,0,09/27/2020 09:39:49 AM,Not agree,Not agree
05/16/2020,HI,629,,,1,0,17,,,0,0,05/17/2020 11:27:46 AM,Not agree,Not agree
01/15/2022,HI,161766,,,5927,1527,1112,,,6,0,01/17/2022 02:19:13 PM,Not agree,Not agree
05/15/2021,HI,34064,,,149,51,488,,,1,0,05/16/2021 01:46:12 PM,Not agree,Not agree
12/06/2020,HI,18266,,,97,0,260,,,1,0,12/07/2020 02:38:33 PM,Not agree,Not agree
04/20/2022,HI,238763,,,1666,233,1395,,,17,0,04/21/2022 01:21:03 PM,Not agree,Not agree
08/17/2021,HI,50180,,,453,77,549,,,0,0,08/18/2021 02:45:06 PM,Not agree,Not agree
08/15/2020,HI,5014,,,219,0,40,,,0,0,08/16/2020 10:57:14 AM,Not agree,Not agree
05/21/2022,HI,258781,,,0,0,1434,,,0,0,05/23/2022 01:14:47 PM,Not agree,Not agree
10/21/2020,HI,14185,,,77,0,203,,,14,0,10/22/2020 01:34:46 PM,Not agree,Not agree
05/20/2020,HI,635,,,4,0,17,,,0,0,05/21/2020 11:41:38 AM,Not agree,Not agree
02/19/2021,HI,26950,,,44,0,427,,,2,0,02/20/2021 02:45:37 PM,Not agree,Not agree
03/08/2021,HI,27862,,,41,0,442,,,0,0,03/09/2021 02:47:41 PM,Not agree,Not agree
11/09/2021,HI,82454,,,75,3,952,,,0,0,11/10/2021 03:25:35 PM,Not agree,Not agree
04/26/2020,HI,597,,,1,0,14,,,0,0,05/25/2020 11:38:40 AM,Not agree,Not agree
08/26/2020,HI,7540,,,306,0,51,,,2,0,08/27/2020 09:42:08 AM,Not agree,Not agree
04/06/2022,HI,235797,,,1138,266,1370,,,3,0,04/07/2022 02:35:23 PM,Not agree,Not agree
01/31/2022,HI,214249,,,1481,72,1169,,,1,0,02/01/2022 02:22:23 PM,Not agree,Not agree
07/21/2020,HI,1409,,,17,0,24,,,0,0,07/22/2020 10:51:28 AM,Not agree,Not agree
03/25/2020,HI,119,,,17,0,0,,,0,,03/26/2020 12:22:39 PM,Not agree,Not agree
06/09/2021,HI,35461,,,39,1,502,,,0,0,06/10/2021 02:48:23 PM,Not agree,Not agree
09/05/2020,HI,9816,,,161,0,84,,,3,0,09/06/2020 10:09:04 AM,Not agree,Not agree
06/17/2020,HI,750,,,18,0,17,,,0,0,06/18/2020 01:16:14 PM,Not agree,Not agree
06/03/2021,HI,35152,,,41,8,498,,,1,0,06/04/2021 02:56:57 PM,Not agree,Not agree
02/25/2020,HI,0,,,0,,0,,,0,,03/26/2020 04:22:39 PM,Not agree,Not agree
08/09/2020,HI,3608,,,140,0,31,,,0,0,08/10/2020 10:23:35 AM,Not agree,Not agree
01/24/2022,HI,200209,,,2627,387,1135,,,0,0,01/25/2022 02:33:43 PM,Not agree,Not agree
01/01/2022,HI,112283,,,2707,220,1083,,,4,0,01/03/2022 01:55:55 PM,Not agree,Not agree
12/08/2020,HI,18397,,,53,0,260,,,0,0,12/09/2020 02:45:40 PM,Not agree,Not agree
11/06/2021,HI,82159,,,88,20,941,,,5,0,11/08/2021 01:55:23 PM,Not agree,Not agree
01/11/2022,HI,146000,,,2911,249,1094,,,0,0,01/12/2022 03:21:08 PM,Not agree,Not agree
05/21/2020,HI,635,,,0,0,17,,,0,0,05/21/2020 12:00:00 AM,Not agree,Not agree
03/09/2021,HI,27903,,,41,0,442,,,0,0,03/10/2021 02:58:31 PM,Not agree,Not agree
05/01/2022,HI,241955,,,0,0,1406,,,0,0,05/02/2022 01:46:11 PM,Not agree,Not agree
12/31/2021,HI,109576,,,3226,595,1079,,,5,0,01/01/2022 02:12:51 PM,Not agree,Not agree
01/26/2021,HI,25272,,,63,0,398,,,59,0,01/27/2021 02:53:24 PM,Not agree,Not agree
03/24/2022,HI,233569,,,0,0,1361,,,0,0,03/25/2022 01:28:21 PM,Not agree,Not agree
06/16/2022,HI,290652,,,0,0,1462,,,0,0,06/17/2022 01:23:40 PM,Not agree,Not agree
01/14/2022,HI,155839,,,3028,527,1106,,,3,0,01/15/2022 02:59:30 PM,Not agree,Not agree
02/04/2022,HI,219059,,,1164,167,1192,,,10,0,02/05/2022 02:28:34 PM,Not agree,Not agree
07/11/2020,HI,1197,,,20,0,19,,,0,0,07/12/2020 11:13:57 AM,Not agree,Not agree
08/12/2021,HI,46463,,,543,69,543,,,1,0,08/13/2021 01:45:25 PM,Not agree,Not agree
04/25/2021,HI,32284,,,119,0,475,,,0,0,04/26/2021 01:45:41 PM,Not agree,Not agree
07/23/2020,HI,1521,,,58,0,26,,,1,0,07/24/2020 10:18:40 AM,Not agree,Not agree
03/26/2020,HI,136,,,17,0,0,,,0,,03/26/2020 12:22:39 PM,Not agree,Not agree
11/24/2021,HI,84239,,,104,6,997,,,6,0,11/25/2021 02:14:48 PM,Not agree,Not agree
04/11/2020,HI,503,,,14,0,9,,,1,,04/10/2020 12:22:39 PM,Not agree,Not agree
09/01/2021,HI,61800,,,447,81,598,,,12,0,09/02/2021 01:49:05 PM,Not agree,Not agree
10/19/2020,HI,14024,,,35,0,187,,,0,0,10/20/2020 02:59:27 PM,Not agree,Not agree
03/07/2021,HI,27821,,,47,0,442,,,1,0,03/08/2021 02:47:36 PM,Not agree,Not agree
07/15/2022,HI,309561,,,0,0,1523,,,0,0,07/16/2022 01:18:18 PM,Not agree,Not agree
10/30/2020,HI,14933,,,92,0,215,,,1,0,10/31/2020 01:30:31 PM,Not agree,Not agree
05/29/2022,HI,267602,,,0,0,1439,,,0,0,05/30/2022 01:20:19 PM,Not agree,Not agree
09/06/2020,HI,9920,,,104,0,85,,,1,0,09/07/2020 09:37:36 AM,Not agree,Not agree
04/21/2021,HI,31885,,,68,0,471,,,0,0,04/22/2021 01:56:30 PM,Not agree,Not agree
07/04/2021,HI,36604,,,52,7,515,,,0,0,07/05/2021 02:30:02 PM,Not agree,Not agree
06/15/2022,HI,290652,,,7078,1662,1462,,,9,0,06/16/2022 01:16:57 PM,Not agree,Not agree
04/19/2021,HI,31779,,,64,0,471,,,0,0,04/20/2021 02:59:01 PM,Not agree,Not agree
11/20/2021,HI,83896,,,212,87,991,,,4,0,11/22/2021 01:59:30 PM,Not agree,Not agree
06/14/2020,HI,724,,,8,0,17,,,0,0,06/15/2020 10:33:03 AM,Not agree,Not agree
05/11/2020,HI,623,,,1,0,17,,,0,0,05/12/2020 01:26:08 PM,Not agree,Not agree
03/12/2021,HI,28062,,,64,0,446,,,1,0,03/13/2021 03:19:19 PM,Not agree,Not agree
04/04/2022,HI,234659,,,0,0,1367,,,0,0,04/05/2022 01:16:42 PM,Not agree,Not agree
09/16/2020,HI,11060,,,156,0,99,,,0,0,09/17/2020 09:45:45 AM,Not agree,Not agree
04/10/2022,HI,235797,,,0,0,1370,,,0,0,04/11/2022 02:08:38 PM,Not agree,Not agree
10/04/2020,HI,12819,,,51,0,156,,,14,0,10/05/2020 09:49:47 AM,Not agree,Not agree
06/22/2020,HI,805,,,3,0,17,,,0,0,06/23/2020 10:28:19 AM,Not agree,Not agree
09/19/2020,HI,11368,,,77,0,120,,,0,0,09/20/2020 09:53:10 AM,Not agree,Not agree
07/09/2021,HI,36834,,,57,1,516,,,0,0,07/10/2021 02:17:36 PM,Not agree,Not agree
04/02/2022,HI,234659,,,0,0,1367,,,0,0,04/04/2022 12:57:21 PM,Not agree,Not agree
03/21/2020,HI,59,,,10,0,0,,,0,,03/26/2020 12:22:39 PM,Not agree,Not agree
07/22/2021,HI,38284,,,218,13,524,,,3,0,07/23/2021 01:48:31 PM,Not agree,Not agree
03/02/2020,HI,0,,,0,,0,,,0,,03/26/2020 04:22:39 PM,Not agree,Not agree
08/07/2021,HI,43977,,,600,31,539,,,2,0,08/09/2021 12:38:43 PM,Not agree,Not agree
03/18/2021,HI,28509,,,86,0,448,,,0,0,03/19/2021 02:25:43 PM,Not agree,Not agree
04/27/2020,HI,598,,,1,0,16,,,2,0,05/25/2020 11:38:40 AM,Not agree,Not agree
08/03/2020,HI,2567,,,143,0,26,,,0,0,08/04/2020 10:09:35 AM,Not agree,Not agree
12/09/2021,HI,85676,,,140,13,1029,,,1,0,12/10/2021 02:19:59 PM,Not agree,Not agree
05/25/2021,HI,34708,,,20,1,493,,,0,0,05/26/2021 01:48:32 PM,Not agree,Not agree
04/12/2020,HI,507,,,4,0,9,,,0,,04/11/2020 12:22:39 PM,Not agree,Not agree
10/15/2021,HI,79562,,,151,35,857,,,5,0,10/16/2021 01:26:43 PM,Not agree,Not agree
06/07/2020,HI,663,,,1,0,17,,,0,0,06/08/2020 10:55:08 AM,Not agree,Not agree
05/27/2022,HI,267602,,,0,0,1439,,,0,0,05/28/2022 01:19:46 PM,Not agree,Not agree
01/13/2021,HI,23141,,,93,0,309,,,3,0,01/14/2021 03:12:46 PM,Not agree,Not agree
07/05/2020,HI,1012,,,7,0,19,,,0,0,07/06/2020 11:16:12 AM,Not agree,Not agree
02/14/2022,HI,226510,,,483,2,1250,,,0,0,02/15/2022 03:38:24 PM,Not agree,Not agree
08/19/2020,HI,5818,,,235,0,43,,,2,0,08/20/2020 11:11:45 AM,Not agree,Not agree
08/01/2020,HI,2217,,,45,0,26,,,0,0,08/02/2020 10:54:37 AM,Not agree,Not agree
07/21/2021,HI,38066,,,130,14,521,,,1,0,07/22/2021 03:06:50 PM,Not agree,Not agree
06/25/2022,HI,296007,,,0,0,1477,,,0,0,06/27/2022 12:14:52 PM,Not agree,Not agree
04/03/2021,HI,30246,,,229,123,464,,,4,0,04/04/2021 01:43:43 PM,Not agree,Not agree
04/09/2021,HI,30754,,,81,0,467,,,0,0,04/10/2021 01:45:46 PM,Not agree,Not agree
02/14/2020,HI,0,,,0,,0,,,0,,03/26/2020 04:22:39 PM,Not agree,Not agree
06/27/2021,HI,36297,,,46,2,513,,,0,0,06/28/2021 03:02:46 PM,Not agree,Not agree
06/10/2020,HI,679,,,6,0,17,,,0,0,06/11/2020 10:48:51 AM,Not agree,Not agree
02/24/2022,HI,229477,,,278,25,1300,,,8,0,02/25/2022 03:09:12 PM,Not agree,Not agree
04/19/2020,HI,576,,,4,0,10,,,1,0,04/19/2020 12:22:39 PM,Not agree,Not agree
11/26/2021,HI,84334,,,19,8,1004,,,1,0,11/27/2021 02:19:28 PM,Not agree,Not agree
01/24/2020,HI,0,,,0,,0,,,0,,03/26/2020 04:22:39 PM,Not agree,Not agree
05/28/2020,HI,641,,,3,0,17,,,0,0,05/29/2020 10:19:55 AM,Not agree,Not agree
09/23/2021,HI,74606,,,437,41,733,,,12,0,09/24/2021 01:56:18 PM,Not agree,Not agree
06/11/2022,HI,283574,,,0,0,1453,,,0,0,06/13/2022 12:26:25 PM,Not agree,Not agree
10/24/2020,HI,14501,,,89,0,211,,,2,0,10/25/2020 01:45:35 PM,Not agree,Not agree
03/14/2020,HI,7,,,3,0,0,,,0,,03/26/2020 12:22:39 PM,Not agree,Not agree
12/03/2021,HI,85086,,,118,26,1017,,,1,0,12/04/2021 02:29:01 PM,Not agree,Not agree
05/27/2020,HI,638,,,2,0,17,,,0,0,05/28/2020 11:12:25 AM,Not agree,Not agree
03/29/2022,HI,233569,,,0,0,1361,,,0,0,03/30/2022 02:13:09 PM,Not agree,Not agree
08/21/2021,HI,53153,,,752,30,560,,,1,0,08/23/2021 12:48:27 PM,Not agree,Not agree
12/20/2020,HI,19893,,,202,0,280,,,1,0,12/21/2020 02:39:53 PM,Not agree,Not agree
05/31/2020,HI,644,,,0,0,17,,,0,0,05/31/2020 12:00:00 AM,Not agree,Not agree
03/19/2022,HI,232845,,,0,0,1356,,,0,0,03/21/2022 12:27:07 PM,Not agree,Not agree
02/04/2021,HI,26101,,,101,0,413,,,2,0,02/05/2021 02:54:41 PM,Not agree,Not agree
10/16/2021,HI,79697,,,135,30,861,,,4,0,10/18/2021 12:41:38 PM,Not agree,Not agree
05/23/2020,HI,636,,,0,0,17,,,0,0,05/23/2020 12:00:00 AM,Not agree,Not agree
02/18/2020,HI,0,,,0,,0,,,0,,03/26/2020 04:22:39 PM,Not agree,Not agree
02/10/2020,HI,0,,,0,,0,,,0,,03/26/2020 04:22:39 PM,Not agree,Not agree
04/24/2021,HI,32165,,,99,48,475,,,1,0,04/25/2021 01:42:01 PM,Not agree,Not agree
03/23/2020,HI,93,,,14,0,0,,,0,,03/26/2020 12:22:39 PM,Not agree,Not agree
04/03/2020,HI,373,,,23,0,3,,,1,,04/03/2020 12:22:39 PM,Not agree,Not agree
09/05/2021,HI,65315,,,718,22,620,,,10,0,09/06/2021 02:27:21 PM,Not agree,Not agree
05/18/2022,HI,258781,,,7022,2007,1434,,,12,0,05/19/2022 01:33:37 PM,Not agree,Not agree
01/06/2022,HI,127085,,,4700,741,1087,,,4,0,01/07/2022 03:48:33 PM,Not agree,Not agree
08/06/2021,HI,43377,,,607,13,537,,,2,0,08/07/2021 02:00:45 PM,Not agree,Not agree
03/11/2022,HI,231844,,,0,0,1342,,,0,0,03/12/2022 05:36:04 PM,Not agree,Not agree
02/09/2022,HI,222974,,,470,56,1221,,,7,0,02/10/2022 02:57:07 PM,Not agree,Not agree
12/02/2020,HI,17819,,,68,0,242,,,0,0,12/03/2020 03:21:08 PM,Not agree,Not agree
04/28/2021,HI,32465,,,68,0,479,,,3,0,04/29/2021 01:47:03 PM,Not agree,Not agree
08/04/2020,HI,2738,,,171,0,27,,,1,0,08/05/2020 10:13:18 AM,Not agree,Not agree
07/19/2021,HI,37839,,,122,7,520,,,0,0,07/20/2021 02:48:47 PM,Not agree,Not agree
07/10/2020,HI,1177,,,41,0,19,,,0,0,07/11/2020 02:25:05 PM,Not agree,Not agree
11/21/2021,HI,83992,,,96,15,991,,,0,0,11/22/2021 03:21:21 PM,Not agree,Not agree
01/08/2021,HI,22372,,,239,0,301,,,4,0,01/09/2021 03:26:08 PM,Not agree,Not agree
10/25/2020,HI,14618,,,117,0,211,,,0,0,10/26/2020 01:41:41 PM,Not agree,Not agree
01/23/2021,HI,24950,,,165,38,333,,,4,0,01/24/2021 02:36:49 PM,Not agree,Not agree
07/24/2021,HI,38741,,,242,25,524,,,0,0,07/26/2021 01:16:36 PM,Not agree,Not agree
12/26/2020,HI,20537,,,109,0,283,,,0,0,12/27/2020 02:44:47 PM,Not agree,Not agree
05/28/2021,HI,34844,,,37,0,495,,,0,0,05/29/2021 01:33:02 PM,Not agree,Not agree
10/17/2020,HI,13907,,,94,0,186,,,1,0,10/18/2020 01:26:54 PM,Not agree,Not agree
05/30/2021,HI,35008,,,119,0,497,,,1,0,05/31/2021 01:43:43 PM,Not agree,Not agree
06/24/2021,HI,36157,,,53,-2,510,,,0,0,06/25/2021 03:01:46 PM,Not agree,Not agree
10/31/2021,HI,81586,,,125,10,908,,,9,0,11/01/2021 03:03:10 PM,Not agree,Not agree
07/16/2020,HI,1309,,,23,0,22,,,0,0,07/17/2020 10:31:01 AM,Not agree,Not agree
05/30/2022,HI,267602,,,0,0,1439,,,0,0,05/31/2022 01:20:20 PM,Not agree,Not agree
12/30/2020,HI,20851,,,104,0,283,,,0,0,12/31/2020 02:55:07 PM,Not agree,Not agree
12/15/2021,HI,86857,,,278,59,1052,,,5,0,12/16/2021 03:10:47 PM,Not agree,Not agree
02/15/2021,HI,26803,,,31,0,423,,,0,0,02/16/2021 02:53:06 PM,Not agree,Not agree
04/08/2020,HI,458,,,9,0,5,,,0,,04/07/2020 12:22:39 PM,Not agree,Not agree
12/21/2020,HI,20025,,,132,0,280,,,0,0,12/22/2020 02:35:48 PM,Not agree,Not agree
03/21/2021,HI,28834,,,71,0,451,,,1,0,03/22/2021 01:57:09 PM,Not agree,Not agree
02/08/2020,HI,0,,,0,,0,,,0,,03/26/2020 04:22:39 PM,Not agree,Not agree
03/24/2020,HI,102,,,9,0,0,,,0,,03/26/2020 12:22:39 PM,Not agree,Not agree
11/01/2021,HI,81650,,,64,1,908,,,0,0,11/02/2021 01:48:33 PM,Not agree,Not agree
05/13/2021,HI,33835,,,73,0,486,,,0,0,05/14/2021 02:07:22 PM,Not agree,Not agree
01/28/2020,HI,0,,,0,,0,,,0,,03/26/2020 04:22:39 PM,Not agree,Not agree
03/13/2021,HI,28218,,,156,94,447,,,1,0,03/14/2021 01:53:25 PM,Not agree,Not agree
10/07/2021,HI,78405,,,278,35,821,,,8,0,10/08/2021 01:43:16 PM,Not agree,Not agree
04/28/2022,HI,241955,,,0,0,1406,,,0,0,04/29/2022 02:05:11 PM,Not agree,Not agree
11/25/2020,HI,17298,,,100,0,233,,,2,0,11/26/2020 02:44:21 PM,Not agree,Not agree
03/04/2020,HI,0,,,0,,0,,,0,,03/26/2020 04:22:39 PM,Not agree,Not agree
02/09/2020,HI,0,,,0,,0,,,0,,03/26/2020 04:22:39 PM,Not agree,Not agree
06/26/2022,HI,296007,,,0,0,1477,,,0,0,06/27/2022 01:15:35 PM,Not agree,Not agree
04/30/2020,HI,607,,,1,0,16,,,0,0,05/01/2020 05:00:19 PM,Not agree,Not agree
03/30/2021,HI,29689,,,81,0,459,,,0,0,03/31/2021 02:08:03 PM,Not agree,Not agree
03/15/2020,HI,10,,,3,0,0,,,0,,03/26/2020 12:22:39 PM,Not agree,Not agree
04/07/2020,HI,449,,,21,0,5,,,0,,04/07/2020 12:22:39 PM,Not agree,Not agree
02/03/2021,HI,26000,,,68,0,411,,,4,0,02/04/2021 02:53:58 PM,Not agree,Not agree
03/29/2020,HI,230,,,31,0,0,,,0,,03/28/2020 12:22:39 PM,Not agree,Not agree
06/21/2020,HI,802,,,4,0,17,,,0,0,06/22/2020 11:24:02 AM,Not agree,Not agree
06/17/2022,HI,290652,,,0,0,1462,,,0,0,06/18/2022 01:33:11 PM,Not agree,Not agree
10/27/2020,HI,14715,,,62,0,214,,,3,0,10/28/2020 01:52:28 PM,Not agree,Not agree
06/03/2020,HI,647,,,1,0,17,,,0,0,06/04/2020 11:03:31 AM,Not agree,Not agree
12/06/2021,HI,85413,,,83,3,1022,,,0,0,12/07/2021 02:35:03 PM,Not agree,Not agree
12/25/2021,HI,97022,,,1568,227,1071,,,4,0,12/27/2021 02:16:24 PM,Not agree,Not agree
11/25/2021,HI,84315,,,76,16,1003,,,6,0,11/26/2021 02:12:52 PM,Not agree,Not agree
02/22/2021,HI,27124,,,49,0,428,,,0,0,02/23/2021 02:51:13 PM,Not agree,Not agree
03/08/2020,HI,2,,,1,0,0,,,0,,03/26/2020 12:22:39 PM,Not agree,Not agree
07/26/2020,HI,1683,,,28,0,26,,,0,0,07/27/2020 10:16:42 AM,Not agree,Not agree
06/24/2020,HI,833,,,15,0,17,,,0,0,06/25/2020 10:07:27 AM,Not agree,Not agree
11/08/2021,HI,82379,,,97,10,952,,,0,0,11/09/2021 03:49:35 PM,Not agree,Not agree
02/03/2020,HI,0,,,0,,0,,,0,,03/26/2020 04:22:39 PM,Not agree,Not agree
02/26/2022,HI,230097,,,326,50,1318,,,9,0,02/28/2022 01:14:05 PM,Not agree,Not agree
03/19/2021,HI,28602,,,93,0,449,,,1,0,03/20/2021 02:03:21 PM,Not agree,Not agree
10/02/2020,HI,12699,,,133,0,142,,,3,0,10/03/2020 09:39:53 AM,Not agree,Not agree
08/26/2021,HI,56492,,,824,33,570,,,0,0,08/27/2021 02:08:03 PM,Not agree,Not agree
11/06/2020,HI,15584,,,113,0,218,,,0,0,11/07/2020 02:45:17 PM,Not agree,Not agree
04/16/2022,HI,237097,,,0,0,1378,,,0,0,04/18/2022 01:38:16 PM,Not agree,Not agree
09/17/2020,HI,11179,,,119,0,107,,,8,0,09/18/2020 09:48:37 AM,Not agree,Not agree
03/07/2022,HI,231659,,,437,92,1342,,,6,0,03/08/2022 02:50:46 PM,Not agree,Not agree
07/15/2021,HI,37318,,,144,8,519,,,1,0,07/16/2021 02:03:13 PM,Not agree,Not agree
10/12/2020,HI,13477,,,42,0,169,,,0,0,10/13/2020 01:29:38 PM,Not agree,Not agree
10/06/2021,HI,78127,,,164,27,813,,,7,0,10/07/2021 02:06:32 PM,Not agree,Not agree
11/03/2020,HI,15229,,,82,0,218,,,0,0,11/04/2020 03:03:00 PM,Not agree,Not agree
06/19/2022,HI,290652,,,0,0,1462,,,0,0,06/20/2022 12:58:38 PM,Not agree,Not agree
11/09/2020,HI,15892,,,58,0,220,,,0,0,11/10/2020 02:45:45 PM,Not agree,Not agree
08/14/2020,HI,4795,,,283,0,40,,,2,0,08/15/2020 10:02:05 AM,Not agree,Not agree
03/18/2022,HI,232845,,,0,0,1356,,,0,0,03/19/2022 01:30:21 PM,Not agree,Not agree
02/07/2022,HI,221983,,,810,73,1214,,,0,0,02/08/2022 03:02:12 PM,Not agree,Not agree
10/13/2021,HI,79255,,,113,12,846,,,6,0,10/14/2021 02:14:59 PM,Not agree,Not agree
02/01/2021,HI,25870,,,84,0,407,,,0,0,02/02/2021 02:51:51 PM,Not agree,Not agree
05/29/2020,HI,644,,,3,0,17,,,0,0,05/30/2020 11:47:59 AM,Not agree,Not agree
05/19/2022,HI,258781,,,0,0,1434,,,0,0,05/20/2022 01:21:56 PM,Not agree,Not agree
08/05/2020,HI,2887,,,149,0,27,,,0,0,08/06/2020 10:12:27 AM,Not agree,Not agree
06/18/2021,HI,35919,,,57,4,506,,,2,0,06/18/2021 01:48:26 PM,Not agree,Not agree
04/10/2021,HI,30956,,,202,90,468,,,1,0,04/11/2021 01:50:11 PM,Not agree,Not agree
06/20/2020,HI,798,,,10,0,17,,,0,0,06/21/2020 10:32:57 AM,Not agree,Not agree
02/24/2021,HI,27211,,,43,0,432,,,4,0,02/25/2021 02:54:32 PM,Not agree,Not agree
05/07/2022,HI,246110,,,0,0,1416,,,0,0,05/09/2022 01:14:40 PM,Not agree,Not agree
04/03/2022,HI,234659,,,0,0,1367,,,0,0,04/04/2022 02:11:32 PM,Not agree,Not agree
08/22/2021,HI,54038,,,885,77,561,,,1,0,08/23/2021 02:39:48 PM,Not agree,Not agree
04/16/2020,HI,544,,,9,0,9,,,0,,04/16/2020 12:22:39 PM,Not agree,Not agree
05/23/2021,HI,34654,,,44,0,493,,,2,0,05/24/2021 01:46:58 PM,Not agree,Not agree
09/07/2021,HI,66554,,,497,11,622,,,0,0,09/08/2021 03:20:52 PM,Not agree,Not agree
09/17/2021,HI,72137,,,567,16,689,,,15,0,09/18/2021 01:43:14 PM,Not agree,Not agree
